,p_val,avg_logFC,pct.1,pct.2,p_val_adj,gene,cluster,cell type
1,0,2.351112496,0.8,0.086,0,PRR4,1,PRR4_TRM
2,9.13E-262,1.567966064,0.201,0.016,2.33E-257,TRBV7-3,1,PRR4_TRM
3,9.56E-303,1.4597817,0.143,0.003,2.44E-298,CXCL13,1,PRR4_TRM
4,1.61E-279,1.195575595,0.7,0.265,4.12E-275,ANKRD28,1,PRR4_TRM
5,2.49E-110,1.039996071,0.193,0.043,6.35E-106,TRAV8-2,1,PRR4_TRM
6,5.39E-252,1.036280178,0.59,0.184,1.38E-247,KLRC1,1,PRR4_TRM
7,3.04E-151,0.856877776,0.681,0.381,7.78E-147,SAMSN1,1,PRR4_TRM
8,2.45E-90,0.763920483,0.288,0.103,6.27E-86,CXCR6,1,PRR4_TRM
9,2.62E-73,0.761729174,0.356,0.168,6.70E-69,FABP5,1,PRR4_TRM
10,5.27E-89,0.760094464,0.474,0.25,1.35E-84,PRDM1,1,PRR4_TRM
11,5.74E-99,0.73606982,0.896,0.662,1.47E-94,CCL4,1,PRR4_TRM
12,3.84E-59,0.725298444,0.505,0.294,9.82E-55,HSPA1B,1,PRR4_TRM
13,8.91E-98,0.719108245,0.599,0.307,2.28E-93,HSPA1A,1,PRR4_TRM
14,1.88E-110,0.717732239,0.337,0.117,4.80E-106,LGALS3,1,PRR4_TRM
15,3.50E-153,0.713225333,0.833,0.568,8.94E-149,H2AFZ,1,PRR4_TRM
16,2.96E-213,0.711069223,0.968,0.818,7.57E-209,HSPA8,1,PRR4_TRM
17,2.63E-127,0.704342334,0.815,0.598,6.71E-123,BRD2,1,PRR4_TRM
18,2.49E-76,0.698639731,0.349,0.158,6.37E-72,SLC7A5,1,PRR4_TRM
19,2.20E-77,0.678005954,0.459,0.244,5.62E-73,CKS2,1,PRR4_TRM
20,1.48E-111,0.672914206,0.752,0.54,3.79E-107,ALOX5AP,1,PRR4_TRM
21,2.26E-157,0.668305589,0.925,0.795,5.77E-153,HSP90AA1,1,PRR4_TRM
22,3.85E-190,0.664527252,0.981,0.918,9.83E-186,BTG1,1,PRR4_TRM
23,3.97E-62,0.664098293,0.243,0.097,1.02E-57,SMIM3,1,PRR4_TRM
24,1.44E-116,0.663073387,0.859,0.66,3.69E-112,TXNIP,1,PRR4_TRM
25,4.62E-72,0.651549092,0.729,0.586,1.18E-67,DDIT4,1,PRR4_TRM
26,7.73E-178,0.642891042,0.975,0.908,1.97E-173,ZFP36L2,1,PRR4_TRM
27,6.59E-65,0.616745504,0.446,0.257,1.68E-60,GABARAPL1,1,PRR4_TRM
28,2.10E-27,0.615031529,0.359,0.234,5.35E-23,CCL4L2,1,PRR4_TRM
29,2.47E-89,0.605582047,0.684,0.481,6.32E-85,RSRP1,1,PRR4_TRM
30,6.31E-49,0.603776198,0.122,0.034,1.61E-44,CCL20,1,PRR4_TRM
31,5.21E-71,0.601065045,0.632,0.447,1.33E-66,HERPUD1,1,PRR4_TRM
32,3.14E-122,0.594842425,0.897,0.769,8.03E-118,HSP90AB1,1,PRR4_TRM
33,1.45E-94,0.593658385,0.543,0.266,3.71E-90,GZMB,1,PRR4_TRM
34,5.94E-82,0.590193317,0.68,0.469,1.52E-77,DNAJA1,1,PRR4_TRM
35,2.18E-174,0.585639013,0.983,0.896,5.58E-170,SRGN,1,PRR4_TRM
36,3.37E-56,0.584564638,0.282,0.13,8.61E-52,RBPJ,1,PRR4_TRM
37,2.50E-64,0.572992352,0.192,0.062,6.39E-60,CTLA4,1,PRR4_TRM
38,1.66E-161,0.564662045,0.981,0.843,4.25E-157,CCL5,1,PRR4_TRM
39,6.99E-158,0.561315275,0.973,0.903,1.79E-153,UBC,1,PRR4_TRM
40,6.19E-52,0.560570799,0.711,0.56,1.58E-47,JUN,1,PRR4_TRM
41,2.34E-54,0.557865037,0.331,0.166,5.98E-50,ITGA1,1,PRR4_TRM
42,4.15E-48,0.553859255,0.34,0.184,1.06E-43,TUBA1C,1,PRR4_TRM
43,2.71E-50,0.552487927,0.394,0.219,6.92E-46,CDKN1A,1,PRR4_TRM
44,2.76E-47,0.550669478,0.377,0.22,7.06E-43,PDCL3,1,PRR4_TRM
45,1.34E-121,0.549314298,0.12,0.014,3.41E-117,CHN1,1,PRR4_TRM
46,2.41E-65,0.549234428,0.752,0.585,6.16E-61,ZFP36L1,1,PRR4_TRM
47,6.31E-41,0.544024686,0.205,0.09,1.61E-36,DUSP4,1,PRR4_TRM
48,1.88E-76,0.539507805,0.767,0.569,4.81E-72,NFKBIA,1,PRR4_TRM
49,7.65E-83,0.538580955,0.717,0.512,1.96E-78,TUBA1B,1,PRR4_TRM
50,5.37E-37,0.537743716,0.422,0.291,1.37E-32,AIM1,1,PRR4_TRM
51,0.00E+00,1.424091385,0.856,0.283,0.00E+00,HSPA1A,2,HSPA1A_TRM
52,9.37E-182,1.342953741,0.321,0.072,2.39E-177,TRAV21,2,HSPA1A_TRM
53,1.05E-177,1.34073872,0.61,0.249,2.69E-173,XCL1,2,HSPA1A_TRM
54,0.00E+00,1.209011313,0.802,0.266,0.00E+00,HSPA1B,2,HSPA1A_TRM
55,1.14E-120,1.091659796,0.567,0.265,2.92E-116,XCL2,2,HSPA1A_TRM
56,2.55E-192,1.085451606,0.492,0.148,6.51E-188,TNF,2,HSPA1A_TRM
57,1.86E-167,1.05188118,0.757,0.412,4.76E-163,GADD45B,2,HSPA1A_TRM
58,4.48E-294,0.97212322,0.44,0.082,1.14E-289,ZNF683,2,HSPA1A_TRM
59,1.15E-224,0.914203173,0.59,0.188,2.94E-220,NR4A1,2,HSPA1A_TRM
60,4.30E-240,0.904265834,0.543,0.151,1.10E-235,EGR1,2,HSPA1A_TRM
61,7.03E-182,0.800309551,0.562,0.188,1.80E-177,KLRC1,2,HSPA1A_TRM
62,1.01E-240,0.781987969,0.196,0.016,2.58E-236,TRBV11-3,2,HSPA1A_TRM
63,8.57E-169,0.760307284,0.871,0.574,2.19E-164,ZFP36L1,2,HSPA1A_TRM
64,1.04E-153,0.721245472,0.784,0.414,2.66E-149,LGALS1,2,HSPA1A_TRM
65,8.16E-121,0.72037841,0.793,0.572,2.08E-116,H2AFZ,2,HSPA1A_TRM
66,1.71E-141,0.719381398,0.875,0.611,4.37E-137,IER2,2,HSPA1A_TRM
67,5.05E-123,0.663538495,0.86,0.582,1.29E-118,DNAJB1,2,HSPA1A_TRM
68,5.55E-149,0.662259363,0.809,0.504,1.42E-144,TUBA1B,2,HSPA1A_TRM
69,6.29E-145,0.654058239,0.949,0.795,1.61E-140,MT-ND2,2,HSPA1A_TRM
70,3.56E-141,0.636164721,0.959,0.933,9.10E-137,FTL,2,HSPA1A_TRM
71,9.74E-74,0.633844455,0.738,0.541,2.49E-69,NR4A2,2,HSPA1A_TRM
72,1.24E-150,0.625823257,0.929,0.822,3.17E-146,HSPA8,2,HSPA1A_TRM
73,1.01E-68,0.625462254,0.254,0.089,2.57E-64,IER3,2,HSPA1A_TRM
74,2.46E-98,0.623274969,0.435,0.18,6.29E-94,NCF1,2,HSPA1A_TRM
75,3.78E-93,0.600573879,0.677,0.394,9.66E-89,SLC38A2,2,HSPA1A_TRM
76,2.05E-86,0.593593359,0.471,0.212,5.25E-82,CDKN1A,2,HSPA1A_TRM
77,2.45E-104,0.585682791,0.55,0.254,6.25E-100,HOPX,2,HSPA1A_TRM
78,1.06E-77,0.579309202,0.698,0.468,2.71E-73,DNAJA1,2,HSPA1A_TRM
79,1.14E-22,0.574158292,0.212,0.113,2.92E-18,CCL3,2,HSPA1A_TRM
80,3.31E-45,0.573498842,0.105,0.027,8.46E-41,TRBV6-5,2,HSPA1A_TRM
81,3.49E-89,0.571331641,0.713,0.438,8.91E-85,TUBB4B,2,HSPA1A_TRM
82,5.62E-162,0.568582963,0.988,0.964,1.44E-157,H3F3B,2,HSPA1A_TRM
83,1.11E-74,0.565411802,0.792,0.583,2.82E-70,ID2,2,HSPA1A_TRM
84,5.07E-87,0.56455272,0.705,0.43,1.29E-82,FOSB,2,HSPA1A_TRM
85,5.69E-95,0.542571635,0.497,0.217,1.45E-90,CAPG,2,HSPA1A_TRM
86,6.76E-106,0.539555837,0.6,0.284,1.73E-101,STMN1,2,HSPA1A_TRM
87,1.64E-86,0.530980355,0.37,0.14,4.19E-82,TUBB2A,2,HSPA1A_TRM
88,1.30E-130,0.530874499,0.973,0.911,3.32E-126,GAPDH,2,HSPA1A_TRM
89,3.23E-81,0.53044841,0.626,0.359,8.25E-77,CKLF,2,HSPA1A_TRM
90,5.49E-133,0.527488887,0.949,0.782,1.40E-128,CD52,2,HSPA1A_TRM
91,2.25E-69,0.522333901,0.313,0.123,5.76E-65,KLF10,2,HSPA1A_TRM
92,8.91E-71,0.518997661,0.423,0.198,2.28E-66,CACYBP,2,HSPA1A_TRM
93,1.22E-27,0.505769143,0.104,0.037,3.12E-23,TRAV12-2,2,HSPA1A_TRM
94,1.44E-58,0.501682095,0.635,0.427,3.67E-54,HSPE1,2,HSPA1A_TRM
95,2.11E-95,0.498551092,0.242,0.065,5.38E-91,HSPA2,2,HSPA1A_TRM
96,1.05E-51,0.497500655,0.431,0.233,2.68E-47,HSPB1,2,HSPA1A_TRM
97,1.96E-18,0.493734469,0.304,0.195,5.00E-14,IFNG,2,HSPA1A_TRM
98,7.60E-56,0.491619157,0.113,0.026,1.94E-51,HSPA6,2,HSPA1A_TRM
99,1.56E-73,0.467661067,0.602,0.342,3.98E-69,TUBB,2,HSPA1A_TRM
100,3.08E-81,0.4581502,0.25,0.077,7.86E-77,ARL4D,2,HSPA1A_TRM
101,1.35E-109,1.303172881,0.438,0.184,3.45E-105,IFNG,3,IFNG_TRM
102,2.97E-94,1.107142045,0.516,0.271,7.60E-90,XCL2,3,IFNG_TRM
103,1.03E-235,1.084273799,0.644,0.216,2.63E-231,GZMK,3,IFNG_TRM
104,5.14E-205,1.082226687,0.784,0.412,1.31E-200,GADD45B,3,IFNG_TRM
105,3.42E-101,1.009244031,0.237,0.062,8.73E-97,CCL3L3,3,IFNG_TRM
106,4.06E-105,1.004109136,0.494,0.223,1.04E-100,CCL4L2,3,IFNG_TRM
107,1.79E-240,0.915699812,0.925,0.608,4.56E-236,IER2,3,IFNG_TRM
108,4.57E-46,0.906524736,0.25,0.11,1.17E-41,CCL3,3,IFNG_TRM
109,1.38E-252,0.851473085,0.983,0.821,3.52E-248,JUNB,3,IFNG_TRM
110,3.45E-105,0.822208467,0.415,0.158,8.82E-101,TNF,3,IFNG_TRM
111,1.28E-49,0.743187338,0.445,0.266,3.27E-45,XCL1,3,IFNG_TRM
112,2.72E-78,0.734769927,0.326,0.13,6.95E-74,CMC1,3,IFNG_TRM
113,1.08E-90,0.732524878,0.489,0.244,2.77E-86,H2AFX,3,IFNG_TRM
114,3.36E-84,0.729069833,0.378,0.162,8.58E-80,HEXIM1,3,IFNG_TRM
115,3.07E-150,0.727768221,0.851,0.597,7.84E-146,BRD2,3,IFNG_TRM
116,6.33E-117,0.688260908,0.728,0.439,1.62E-112,TUBB4B,3,IFNG_TRM
117,1.58E-113,0.654414137,0.893,0.664,4.03E-109,CCL4,3,IFNG_TRM
118,2.19E-99,0.642250276,0.781,0.539,5.60E-95,NR4A2,3,IFNG_TRM
119,1.39E-35,0.622605306,0.21,0.094,3.55E-31,IER3,3,IFNG_TRM
120,4.21E-60,0.619033265,0.482,0.279,1.08E-55,HLA-DRB1,3,IFNG_TRM
121,2.04E-97,0.603241922,0.826,0.63,5.22E-93,CD74,3,IFNG_TRM
122,2.32E-60,0.598324784,0.736,0.59,5.92E-56,ID2,3,IFNG_TRM
123,2.94E-63,0.592292784,0.398,0.194,7.52E-59,KLRG1,3,IFNG_TRM
124,5.86E-59,0.585010928,0.205,0.07,1.50E-54,EOMES,3,IFNG_TRM
125,2.43E-39,0.568798309,0.24,0.111,6.20E-35,ID3,3,IFNG_TRM
126,2.34E-53,0.568528573,0.374,0.199,5.98E-49,SH2D1A,3,IFNG_TRM
127,4.07E-42,0.553895644,0.34,0.187,1.04E-37,ZC3H12A,3,IFNG_TRM
128,6.87E-82,0.547453888,0.786,0.584,1.75E-77,ZFP36L1,3,IFNG_TRM
129,1.23E-36,0.546637629,0.25,0.125,3.15E-32,LYST,3,IFNG_TRM
130,6.13E-33,0.54498205,0.261,0.135,1.57E-28,HLA-DRA,3,IFNG_TRM
131,1.02E-38,0.511712174,0.189,0.078,2.62E-34,SLFN11,3,IFNG_TRM
132,2.05E-39,0.50958921,0.358,0.205,5.24E-35,UBE2S,3,IFNG_TRM
133,7.34E-83,0.499458836,0.867,0.677,1.88E-78,DUSP2,3,IFNG_TRM
134,4.57E-36,0.498771918,0.287,0.149,1.17E-31,TUBB2A,3,IFNG_TRM
135,2.19E-27,0.496492716,0.268,0.154,5.60E-23,DDIT3,3,IFNG_TRM
136,1.91E-41,0.494969055,0.54,0.398,4.87E-37,LBH,3,IFNG_TRM
137,3.00E-40,0.492592809,0.24,0.11,7.67E-36,HLA-DQB1,3,IFNG_TRM
138,1.54E-41,0.489859171,0.241,0.108,3.94E-37,HLA-DQA1,3,IFNG_TRM
139,2.87E-20,0.486175389,0.226,0.133,7.32E-16,CRTAM,3,IFNG_TRM
140,1.12E-34,0.472469512,0.412,0.267,2.85E-30,HLA-DPB1,3,IFNG_TRM
141,2.13E-32,0.468636375,0.41,0.271,5.45E-28,PPP1R10,3,IFNG_TRM
142,1.41E-46,0.463671155,0.631,0.439,3.59E-42,FOSB,3,IFNG_TRM
143,5.25E-80,0.457399165,0.804,0.589,1.34E-75,DNAJB1,3,IFNG_TRM
144,3.25E-25,0.444488363,0.246,0.138,8.30E-21,HLA-DRB5,3,IFNG_TRM
145,2.42E-26,0.439472611,0.425,0.314,6.17E-22,EIF4A1,3,IFNG_TRM
146,2.46E-17,0.439339632,0.437,0.346,6.28E-13,TRBC1,3,IFNG_TRM
147,5.69E-23,0.43648769,0.278,0.174,1.45E-18,LYAR,3,IFNG_TRM
148,3.50E-27,0.436161744,0.323,0.201,8.94E-23,MIDN,3,IFNG_TRM
149,9.41E-29,0.435549639,0.181,0.084,2.40E-24,ARL4D,3,IFNG_TRM
150,1.03E-24,0.429741696,0.151,0.069,2.63E-20,HIST2H2AA4,3,IFNG_TRM
151,0.00E+00,1.338431787,0.746,0.252,0.00E+00,GZMB,4,GZMB_TRM
152,5.81E-236,1.175041378,0.511,0.134,1.48E-231,LMNA,4,GZMB_TRM
153,6.38E-287,1.14124568,0.919,0.483,1.63E-282,ANXA1,4,GZMB_TRM
154,2.49E-225,0.989512322,0.956,0.685,6.36E-221,KLF6,4,GZMB_TRM
155,1.82E-131,0.880392249,0.432,0.146,4.66E-127,PHLDA1,4,GZMB_TRM
156,4.47E-192,0.859237771,0.924,0.619,1.14E-187,TNFAIP3,4,GZMB_TRM
157,7.56E-183,0.85920444,0.955,0.819,1.93E-178,VIM,4,GZMB_TRM
158,3.18E-162,0.856617779,0.562,0.204,8.13E-158,GPR183,4,GZMB_TRM
159,3.27E-154,0.849361119,0.905,0.652,8.36E-150,CRIP1,4,GZMB_TRM
160,9.16E-157,0.816256349,0.935,0.599,2.34E-152,FOS,4,GZMB_TRM
161,5.77E-121,0.77148465,0.686,0.37,1.47E-116,ADGRE5,4,GZMB_TRM
162,5.43E-147,0.764269952,0.756,0.399,1.39E-142,MYADM,4,GZMB_TRM
163,1.17E-152,0.764010584,0.34,0.085,2.99E-148,JCHAIN,4,GZMB_TRM
164,8.17E-67,0.748851211,0.886,0.665,2.09E-62,CCL4,4,GZMB_TRM
165,2.61E-103,0.733461058,0.712,0.403,6.67E-99,RGCC,4,GZMB_TRM
166,4.11E-134,0.717981636,0.875,0.575,1.05E-129,IL7R,4,GZMB_TRM
167,8.78E-98,0.689879567,0.593,0.307,2.24E-93,PRF1,4,GZMB_TRM
168,1.33E-100,0.684966897,0.613,0.311,3.39E-96,JUND,4,GZMB_TRM
169,4.30E-140,0.681837539,0.744,0.379,1.10E-135,SAMSN1,4,GZMB_TRM
170,2.81E-171,0.673128204,0.976,0.801,7.19E-167,ZFP36,4,GZMB_TRM
171,9.07E-172,0.671174548,0.973,0.79,2.32E-167,TSC22D3,4,GZMB_TRM
172,7.74E-129,0.666978216,0.636,0.276,1.98E-124,ANKRD28,4,GZMB_TRM
173,1.07E-89,0.655984047,0.285,0.092,2.74E-85,CXCR3,4,GZMB_TRM
174,1.56E-103,0.598658518,0.259,0.068,3.97E-99,PDCD1,4,GZMB_TRM
175,5.73E-84,0.596774969,0.613,0.336,1.46E-79,LINC-PINT,4,GZMB_TRM
176,7.32E-111,0.596353719,0.327,0.095,1.87E-106,ZNF683,4,GZMB_TRM
177,4.65E-110,0.594223932,0.365,0.117,1.19E-105,LGALS3,4,GZMB_TRM
178,1.79E-38,0.582902804,0.234,0.104,4.57E-34,CEBPD,4,GZMB_TRM
179,2.51E-78,0.568334141,0.481,0.225,6.41E-74,PDE4D,4,GZMB_TRM
180,1.67E-75,0.565146915,0.157,0.035,4.28E-71,GFPT2,4,GZMB_TRM
181,6.31E-112,0.56252379,0.867,0.607,1.61E-107,CD8A,4,GZMB_TRM
182,5.27E-87,0.547368964,0.817,0.562,1.35E-82,MCL1,4,GZMB_TRM
183,1.85E-83,0.544879778,0.982,0.964,4.73E-79,FTH1,4,GZMB_TRM
184,2.48E-77,0.544307811,0.763,0.521,6.34E-73,EZR,4,GZMB_TRM
185,8.43E-107,0.543668131,0.508,0.196,2.15E-102,KLRC1,4,GZMB_TRM
186,3.19E-78,0.540779778,0.911,0.695,8.16E-74,DUSP1,4,GZMB_TRM
187,6.30E-77,0.531754551,0.716,0.447,1.61E-72,SYTL3,4,GZMB_TRM
188,3.45E-76,0.526113376,0.486,0.23,8.81E-72,FAM46C,4,GZMB_TRM
189,8.62E-72,0.525191758,0.787,0.557,2.20E-67,TAGLN2,4,GZMB_TRM
190,4.33E-93,0.524838374,0.209,0.051,1.11E-88,IGKV3-20,4,GZMB_TRM
191,1.22E-66,0.522776695,0.458,0.223,3.12E-62,PDE4B,4,GZMB_TRM
192,5.42E-01,0.516142093,0.238,0.246,1.00E+00,CCL4L2,4,GZMB_TRM
193,2.64E-73,0.513703888,0.74,0.486,6.74E-69,YPEL5,4,GZMB_TRM
194,1.79E-30,0.494474583,0.741,0.559,4.58E-26,JUN,4,GZMB_TRM
195,1.77E-62,0.494264175,0.346,0.148,4.52E-58,FAM129A,4,GZMB_TRM
196,2.55E-28,0.490792323,0.116,0.042,6.52E-24,TRAV13-1,4,GZMB_TRM
197,4.22E-72,0.487555729,0.39,0.163,1.08E-67,ITGA1,4,GZMB_TRM
198,2.56E-49,0.486616755,0.47,0.268,6.55E-45,SOCS1,4,GZMB_TRM
199,9.96E-55,0.475810755,0.22,0.078,2.55E-50,IRF4,4,GZMB_TRM
200,1.67E-79,0.475181374,0.729,0.412,4.28E-75,RGS1,4,GZMB_TRM
201,6.57E-134,0.786884653,0.806,0.574,1.68E-129,H2AFZ,5,H2AFZ_TRM
202,6.03E-23,0.724877644,0.384,0.272,1.54E-18,XCL1,5,H2AFZ_TRM
203,2.29E-78,0.713158615,0.639,0.411,5.86E-74,RGCC,5,H2AFZ_TRM
204,1.18E-186,0.696577171,0.983,0.909,3.01E-182,ZFP36L2,5,H2AFZ_TRM
205,4.39E-82,0.685045674,0.528,0.294,1.12E-77,STMN1,5,H2AFZ_TRM
206,1.31E-153,0.662398644,0.962,0.823,3.34E-149,JUNB,5,H2AFZ_TRM
207,1.66E-38,0.637026681,0.286,0.15,4.24E-34,TUBB2A,5,H2AFZ_TRM
208,9.94E-84,0.604312974,0.763,0.606,2.54E-79,BRD2,5,H2AFZ_TRM
209,8.32E-38,0.594361655,0.49,0.381,2.12E-33,RUNX3,5,H2AFZ_TRM
210,7.14E-55,0.589017307,0.57,0.406,1.82E-50,SLC38A2,5,H2AFZ_TRM
211,1.05E-57,0.578693471,0.617,0.433,2.67E-53,LGALS1,5,H2AFZ_TRM
212,2.54E-37,0.569211421,0.37,0.224,6.50E-33,CDKN1A,5,H2AFZ_TRM
213,4.95E-23,0.565130875,0.176,0.091,1.26E-18,AIF1,5,H2AFZ_TRM
214,1.44E-42,0.546620914,0.565,0.446,3.67E-38,DYNLL1,5,H2AFZ_TRM
215,2.80E-123,0.538906114,0.97,0.932,7.17E-119,FTL,5,H2AFZ_TRM
216,1.28E-39,0.528535348,0.604,0.481,3.26E-35,CITED2,5,H2AFZ_TRM
217,2.88E-21,0.52478724,0.304,0.21,7.36E-17,UBE2S,5,H2AFZ_TRM
218,1.08E-61,0.511757667,0.73,0.59,2.76E-57,ZFP36L1,5,H2AFZ_TRM
219,1.17E-24,0.504850234,0.151,0.069,3.00E-20,BBC3,5,H2AFZ_TRM
220,3.76E-16,0.498314699,0.28,0.206,9.61E-12,MIDN,5,H2AFZ_TRM
221,5.39E-133,0.498014204,0.983,0.965,1.38E-128,H3F3B,5,H2AFZ_TRM
222,4.92E-55,0.494084089,0.663,0.52,1.26E-50,TUBA1B,5,H2AFZ_TRM
223,5.69E-29,0.487227017,0.553,0.5,1.45E-24,ZFAS1,5,H2AFZ_TRM
224,4.00E-10,0.482705912,0.116,0.068,1.02E-05,MYC,5,H2AFZ_TRM
225,1.37E-22,0.481367036,0.355,0.257,3.49E-18,CKS2,5,H2AFZ_TRM
226,1.34E-25,0.476949412,0.126,0.051,3.41E-21,ERF,5,H2AFZ_TRM
227,9.90E-21,0.460672601,0.474,0.419,2.53E-16,DDX3X,5,H2AFZ_TRM
228,2.46E-33,0.457577959,0.568,0.454,6.29E-29,TUBB4B,5,H2AFZ_TRM
229,1.29E-15,0.455884066,0.266,0.189,3.30E-11,TGIF1,5,H2AFZ_TRM
230,6.81E-17,0.444494232,0.443,0.389,1.74E-12,TUBA1A,5,H2AFZ_TRM
231,3.08E-88,0.439950498,0.982,0.964,7.87E-84,FTH1,5,H2AFZ_TRM
232,4.04E-23,0.43691227,0.577,0.563,1.03E-18,TPI1,5,H2AFZ_TRM
233,3.70E-12,0.428658457,0.34,0.291,9.45E-08,AMD1,5,H2AFZ_TRM
234,6.33E-19,0.423630032,0.563,0.54,1.62E-14,SAT1,5,H2AFZ_TRM
235,1.79E-19,0.402636383,0.571,0.538,4.57E-15,EZR,5,H2AFZ_TRM
236,2.68E-12,0.384643398,0.12,0.066,6.85E-08,MID1IP1,5,H2AFZ_TRM
237,1.94E-16,0.379509241,0.421,0.36,4.96E-12,TUBB,5,H2AFZ_TRM
238,3.05E-07,0.375729364,0.354,0.344,0.007792616,MAP1LC3B,5,H2AFZ_TRM
239,1.45E-01,0.375563853,0.126,0.119,1,TIMP1,5,H2AFZ_TRM
240,2.50E-13,0.373386424,0.106,0.054,6.38E-09,PHF23,5,H2AFZ_TRM
241,1.22E-08,0.370680007,0.246,0.194,0.000311091,TUBA1C,5,H2AFZ_TRM
242,6.84E-08,0.366285975,0.341,0.287,1.75E-03,XCL2,5,H2AFZ_TRM
243,5.62E-07,0.365467022,0.305,0.273,0.014354825,SERTAD1,5,H2AFZ_TRM
244,1.80E-06,0.364164733,0.352,0.344,0.046006032,CDKN1B,5,H2AFZ_TRM
245,2.03E-09,0.363675329,0.352,0.32,5.19E-05,CLDND1,5,H2AFZ_TRM
246,2.59E-06,0.361853324,0.168,0.129,0.066204129,LMO4,5,H2AFZ_TRM
247,5.70E-07,0.360041221,0.184,0.143,1.46E-02,NXT1,5,H2AFZ_TRM
248,2.65E-08,0.359992349,0.128,0.083,6.76E-04,SERTAD3,5,H2AFZ_TRM
249,3.30E-110,0.353984316,0.999,0.994,8.44E-106,PTMA,5,H2AFZ_TRM
250,2.78E-06,0.353541122,0.156,0.117,7.10E-02,TOB2,5,H2AFZ_TRM
251,0.00E+00,1.231643539,0.799,0.21,0.00E+00,GZMK,6,GZMK_TEM
252,2.10E-235,1.031728381,0.671,0.221,5.37E-231,GIMAP4,6,GZMK_TEM
253,1.87E-224,0.989705923,0.617,0.181,4.77E-220,KLRG1,6,GZMK_TEM
254,4.17E-46,0.971796463,0.117,0.028,1.06E-41,TRBV4-1,6,GZMK_TEM
255,4.09E-173,0.909797876,0.601,0.21,1.05E-168,LINC00861,6,GZMK_TEM
256,8.53E-149,0.879176902,0.898,0.628,2.18E-144,CD74,6,GZMK_TEM
257,3.01E-141,0.787719668,0.609,0.246,7.68E-137,GIMAP7,6,GZMK_TEM
258,2.07E-130,0.762325663,0.37,0.1,5.29E-126,HLA-DQA1,6,GZMK_TEM
259,5.17E-140,0.742854302,0.382,0.102,1.32E-135,SAMD3,6,GZMK_TEM
260,6.49E-106,0.740240994,0.603,0.273,1.66E-101,HLA-DRB1,6,GZMK_TEM
261,5.60E-158,0.711360156,0.317,0.065,1.43E-153,S100A8,6,GZMK_TEM
262,3.73E-106,0.702376304,0.685,0.365,9.54E-102,LIMD2,6,GZMK_TEM
263,5.11E-137,0.694034465,0.926,0.66,1.31E-132,TXNIP,6,GZMK_TEM
264,3.12E-94,0.688613818,0.417,0.156,7.97E-90,PYHIN1,6,GZMK_TEM
265,2.58E-65,0.671993661,0.432,0.204,6.59E-61,STAT1,6,GZMK_TEM
266,2.48E-97,0.648597664,0.462,0.186,6.34E-93,TRAF3IP3,6,GZMK_TEM
267,4.02E-86,0.643384204,0.547,0.259,1.03E-81,HLA-DPB1,6,GZMK_TEM
268,1.06E-83,0.625037208,0.365,0.13,2.71E-79,CMC1,6,GZMK_TEM
269,4.02E-107,0.616859966,0.274,0.067,1.03E-102,EOMES,6,GZMK_TEM
270,3.50E-72,0.612094084,0.51,0.253,8.95E-68,HLA-DPA1,6,GZMK_TEM
271,3.73E-70,0.59666106,0.421,0.184,9.53E-66,GBP5,6,GZMK_TEM
272,3.33E-84,0.595813082,0.365,0.132,8.51E-80,IL16,6,GZMK_TEM
273,1.66E-78,0.595529242,0.637,0.361,4.23E-74,PSMB9,6,GZMK_TEM
274,1.50E-161,0.594919519,0.199,0.025,3.84E-157,DEFA3,6,GZMK_TEM
275,4.22E-97,0.594498433,0.294,0.081,1.08E-92,PLEK,6,GZMK_TEM
276,1.64E-72,0.591849209,0.406,0.173,4.20E-68,DENND2D,6,GZMK_TEM
277,4.19E-76,0.590156801,0.567,0.284,1.07E-71,ITGB2,6,GZMK_TEM
278,1.73E-77,0.580819984,0.457,0.196,4.42E-73,SH2D1A,6,GZMK_TEM
279,1.40E-64,0.565396605,0.339,0.133,3.56E-60,HLA-DRB5,6,GZMK_TEM
280,2.06E-69,0.541330926,0.515,0.254,5.25E-65,TC2N,6,GZMK_TEM
281,7.06E-157,0.540265507,0.99,0.937,1.80E-152,IL32,6,GZMK_TEM
282,1.57E-93,0.539655968,0.851,0.552,4.02E-89,CST7,6,GZMK_TEM
283,1.07E-36,0.534304341,0.286,0.135,2.73E-32,HLA-DRA,6,GZMK_TEM
284,4.11E-53,0.527119775,0.287,0.115,1.05E-48,CD27,6,GZMK_TEM
285,4.73E-57,0.526166093,0.307,0.123,1.21E-52,SYNE1,6,GZMK_TEM
286,4.59E-55,0.520828089,0.348,0.153,1.17E-50,SIT1,6,GZMK_TEM
287,2.02E-60,0.514883122,0.293,0.108,5.17E-56,HLA-DQB1,6,GZMK_TEM
288,2.50E-59,0.507011778,0.519,0.278,6.39E-55,HLA-F,6,GZMK_TEM
289,5.94E-60,0.498259739,0.386,0.167,1.52E-55,LYAR,6,GZMK_TEM
290,4.00E-57,0.497681034,0.289,0.111,1.02E-52,INPP4B,6,GZMK_TEM
291,2.37E-53,0.497206781,0.48,0.259,6.06E-49,PSMB10,6,GZMK_TEM
292,2.23E-65,0.49211953,0.799,0.562,5.70E-61,CTSW,6,GZMK_TEM
293,3.21E-82,0.488676349,0.883,0.665,8.21E-78,PTPRCAP,6,GZMK_TEM
294,7.89E-55,0.485978813,0.353,0.155,2.02E-50,GIMAP1,6,GZMK_TEM
295,4.61E-45,0.470014465,0.389,0.199,1.18E-40,RCSD1,6,GZMK_TEM
296,1.83E-49,0.466208158,0.451,0.235,4.67E-45,ATM,6,GZMK_TEM
297,2.89E-94,0.456771229,0.958,0.843,7.38E-90,HLA-E,6,GZMK_TEM
298,8.17E-42,0.45477589,0.476,0.276,2.09E-37,PNISR,6,GZMK_TEM
299,4.32E-45,0.449667238,0.234,0.09,1.10E-40,GIMAP5,6,GZMK_TEM
300,3.36E-47,0.449524732,0.188,0.062,8.59E-43,MMP25-AS1,6,GZMK_TEM
301,0.00E+00,2.551077241,0.883,0.015,0.00E+00,TRDV2,7,TRDV2_¦Ã¦Ä
302,0,2.123055719,0.908,0.211,0,AREG,7,TRDV2_¦Ã¦Ä
303,0.00E+00,1.932969899,0.882,0.098,0.00E+00,TRGV9,7,TRDV2_¦Ã¦Ä
304,1.21E-266,1.6002101,0.903,0.551,3.10E-262,GZMA,7,TRDV2_¦Ã¦Ä
305,0.00E+00,1.573071426,0.749,0.051,0.00E+00,KIR2DL4,7,TRDV2_¦Ã¦Ä
306,0,1.246973514,0.625,0.069,0,KLRC2,7,TRDV2_¦Ã¦Ä
307,0.00E+00,1.177109441,0.671,0.11,0.00E+00,TMI¦Ã¦Ä2,7,TRDV2_¦Ã¦Ä
308,0.00E+00,1.141549095,0.513,0.039,0.00E+00,ENTPD1,7,TRDV2_¦Ã¦Ä
309,0,1.109399011,0.998,0.703,0,CD7,7,TRDV2_¦Ã¦Ä
310,1.10E-100,1.03608184,0.346,0.108,2.80E-96,TRGV2,7,TRDV2_¦Ã¦Ä
311,4.77E-271,1.015433286,0.686,0.177,1.22E-266,LDLRAD4,7,TRDV2_¦Ã¦Ä
312,9.04E-252,1.003841626,0.695,0.199,2.31E-247,ITGAE,7,TRDV2_¦Ã¦Ä
313,3.77E-236,1.001120678,0.834,0.33,9.64E-232,NR3C1,7,TRDV2_¦Ã¦Ä
314,0.00E+00,0.98452458,0.436,0.038,0.00E+00,RP11-277P12.6,7,TRDV2_¦Ã¦Ä
315,0.00E+00,0.977403986,0.363,0.018,0.00E+00,LAYN,7,TRDV2_¦Ã¦Ä
316,4.92E-288,0.910803946,0.501,0.086,1.26E-283,KLRC3,7,TRDV2_¦Ã¦Ä
317,1.47E-290,0.879330204,0.457,0.071,3.77E-286,CD160,7,TRDV2_¦Ã¦Ä
318,0.00E+00,0.874795643,0.345,0.023,0.00E+00,ATP8B4,7,TRDV2_¦Ã¦Ä
319,2.62E-202,0.838635953,0.514,0.127,6.70E-198,SIRPG,7,TRDV2_¦Ã¦Ä
320,1.19E-182,0.82072099,0.706,0.241,3.05E-178,ZEB2,7,TRDV2_¦Ã¦Ä
321,1.85E-196,0.80497218,0.909,0.405,4.73E-192,RGS1,7,TRDV2_¦Ã¦Ä
322,9.82E-247,0.790657992,0.353,0.048,2.51E-242,TRDC,7,TRDV2_¦Ã¦Ä
323,2.77E-211,0.790482646,0.428,0.084,7.07E-207,ECI2,7,TRDV2_¦Ã¦Ä
324,2.38E-153,0.776058426,0.747,0.322,6.09E-149,CD247,7,TRDV2_¦Ã¦Ä
325,1.47E-138,0.741530117,0.823,0.433,3.75E-134,GSTP1,7,TRDV2_¦Ã¦Ä
326,6.52E-133,0.733653954,0.607,0.222,1.67E-128,GPR171,7,TRDV2_¦Ã¦Ä
327,4.68E-155,0.726980074,0.927,0.556,1.20E-150,COTL1,7,TRDV2_¦Ã¦Ä
328,1.06E-168,0.712162658,0.364,0.074,2.72E-164,SNX9,7,TRDV2_¦Ã¦Ä
329,1.17E-167,0.701914172,0.32,0.058,2.99E-163,CTLA4,7,TRDV2_¦Ã¦Ä
330,3.82E-138,0.701160772,0.857,0.447,9.76E-134,CD96,7,TRDV2_¦Ã¦Ä
331,4.28E-144,0.696626578,0.344,0.077,1.09E-139,CARS,7,TRDV2_¦Ã¦Ä
332,6.83E-102,0.6865256,0.568,0.23,1.75E-97,HMGB2,7,TRDV2_¦Ã¦Ä
333,4.50E-171,0.686179367,0.988,0.804,1.15E-166,ZFP36,7,TRDV2_¦Ã¦Ä
334,1.21E-174,0.68548759,0.26,0.037,3.08E-170,PLPP1,7,TRDV2_¦Ã¦Ä
335,6.21E-163,0.677548159,0.749,0.275,1.59E-158,ANKRD28,7,TRDV2_¦Ã¦Ä
336,1.51E-131,0.673228384,0.607,0.217,3.87E-127,CAPG,7,TRDV2_¦Ã¦Ä
337,1.30E-161,0.661819563,0.402,0.09,3.32E-157,SMIM3,7,TRDV2_¦Ã¦Ä
338,6.71E-130,0.660941574,0.329,0.076,1.72E-125,FAM3C,7,TRDV2_¦Ã¦Ä
339,1.66E-180,0.656371392,0.286,0.044,4.24E-176,UBASH3B,7,TRDV2_¦Ã¦Ä
340,1.40E-179,0.653983721,0.22,0.025,3.58E-175,VCAM1,7,TRDV2_¦Ã¦Ä
341,3.01E-182,0.651528907,0.326,0.056,7.70E-178,TRGC1,7,TRDV2_¦Ã¦Ä
342,3.76E-107,0.632753023,0.551,0.21,9.60E-103,SCAND1,7,TRDV2_¦Ã¦Ä
343,3.88E-126,0.62888889,0.374,0.096,9.90E-122,TARSL2,7,TRDV2_¦Ã¦Ä
344,3.84E-92,0.615005082,0.647,0.3,9.81E-88,TSPYL2,7,TRDV2_¦Ã¦Ä
345,1.24E-94,0.614685693,0.421,0.145,3.17E-90,PHYKPL,7,TRDV2_¦Ã¦Ä
346,2.97E-95,0.613101755,0.605,0.258,7.60E-91,HOPX,7,TRDV2_¦Ã¦Ä
347,2.56E-159,0.610321431,0.39,0.086,6.53E-155,JCHAIN,7,TRDV2_¦Ã¦Ä
348,1.56E-145,0.61011813,0.97,0.603,3.98E-141,FOS,7,TRDV2_¦Ã¦Ä
349,6.44E-105,0.607375511,0.648,0.282,1.65E-100,CD63,7,TRDV2_¦Ã¦Ä
350,0.00E+00,0.603529337,0.204,0.006,0.00E+00,CLNK,7,TRDV2_¦Ã¦Ä
351,0.00E+00,1.415218483,0.836,0.215,0.00E+00,GZMK,8,CST7_TEM
352,1.14E-196,1.000173163,0.916,0.552,2.92E-192,CST7,8,CST7_TEM
353,1.22E-108,0.878279524,0.505,0.196,3.11E-104,SH2D1A,8,CST7_TEM
354,5.34E-136,0.866958742,0.901,0.631,1.36E-131,CD74,8,CST7_TEM
355,1.32E-123,0.753845146,0.911,0.679,3.36E-119,DUSP2,8,CST7_TEM
356,1.61E-72,0.736556627,0.342,0.123,4.13E-68,LYST,8,CST7_TEM
357,9.27E-68,0.704498533,0.678,0.44,2.37E-63,PIK3R1,8,CST7_TEM
358,6.29E-62,0.665734847,0.683,0.444,1.61E-57,CREM,8,CST7_TEM
359,4.16E-52,0.650481014,0.286,0.108,1.06E-47,HLA-DQA1,8,CST7_TEM
360,5.48E-63,0.644940282,0.548,0.28,1.40E-58,HLA-DRB1,8,CST7_TEM
361,2.01E-47,0.632163294,0.317,0.135,5.13E-43,CMC1,8,CST7_TEM
362,5.85E-56,0.628516511,0.221,0.069,1.49E-51,CD28,8,CST7_TEM
363,2.72E-103,0.620480792,0.151,0.02,6.94E-99,ENC1,8,CST7_TEM
364,2.03E-34,0.611962762,0.489,0.32,5.20E-30,TUBA4A,8,CST7_TEM
365,6.56E-23,0.611275615,0.436,0.292,1.68E-18,KLF2,8,CST7_TEM
366,2.82E-35,0.574555669,0.334,0.173,7.22E-31,TRAT1,8,CST7_TEM
367,9.88E-52,0.567500311,0.423,0.198,2.52E-47,KLRG1,8,CST7_TEM
368,4.05E-45,0.564901227,0.536,0.319,1.04E-40,ZNF331,8,CST7_TEM
369,1.79E-36,0.559410646,0.419,0.24,4.58E-32,FAM46C,8,CST7_TEM
370,4.08E-47,0.554789635,0.229,0.08,1.04E-42,DTHD1,8,CST7_TEM
371,1.08E-48,0.554643949,0.485,0.267,2.77E-44,HLA-DPB1,8,CST7_TEM
372,3.05E-36,0.553789886,0.419,0.241,7.80E-32,RNF19A,8,CST7_TEM
373,7.33E-28,0.531515105,0.381,0.223,1.87E-23,GPR183,8,CST7_TEM
374,3.14E-24,0.518568417,0.315,0.184,8.01E-20,IFNGR1,8,CST7_TEM
375,4.71E-22,0.512769995,0.25,0.134,1.20E-17,CRTAM,8,CST7_TEM
376,9.91E-18,0.503323456,0.369,0.237,2.53E-13,CCL4L2,8,CST7_TEM
377,1.66E-34,0.49776177,0.587,0.416,4.24E-30,ISG20,8,CST7_TEM
378,6.76E-27,0.49481708,0.409,0.262,1.73E-22,HLA-DPA1,8,CST7_TEM
379,1.19E-30,0.488813948,0.247,0.113,3.04E-26,HLA-DQB1,8,CST7_TEM
380,3.08E-34,0.4751343,0.601,0.428,7.86E-30,LITAF,8,CST7_TEM
381,1.38E-31,0.472352538,0.669,0.497,3.51E-27,YPEL5,8,CST7_TEM
382,7.46E-20,0.470730332,0.23,0.124,1.91E-15,ARID5B,8,CST7_TEM
383,3.91E-22,0.464178436,0.444,0.315,1.00E-17,CLDND1,8,CST7_TEM
384,2.57E-29,0.459227786,0.283,0.139,6.56E-25,HLA-DRB5,8,CST7_TEM
385,3.16E-29,0.450256797,0.192,0.078,8.09E-25,TNFSF9,8,CST7_TEM
386,2.47E-23,0.44316863,0.235,0.121,6.32E-19,CD27,8,CST7_TEM
387,4.31E-17,0.44045596,0.25,0.148,1.10E-12,HNRNPLL,8,CST7_TEM
388,9.31E-22,0.435259729,0.435,0.3,2.38E-17,TMEM2,8,CST7_TEM
389,3.01E-30,0.429756752,0.67,0.529,7.70E-26,ELF1,8,CST7_TEM
390,4.76E-31,0.426352745,0.753,0.597,1.22E-26,DNAJB1,8,CST7_TEM
391,4.56E-17,0.41644514,0.275,0.165,1.16E-12,NR4A3,8,CST7_TEM
392,5.06E-18,0.416182566,0.277,0.167,1.29E-13,PYHIN1,8,CST7_TEM
393,3.52E-40,0.4159864,0.753,0.547,9.00E-36,NR4A2,8,CST7_TEM
394,2.80E-22,0.415388752,0.261,0.138,7.16E-18,HLA-DRA,8,CST7_TEM
395,4.03E-59,0.40881145,0.938,0.775,1.03E-54,CXCR4,8,CST7_TEM
396,1.30E-88,0.405503742,0.989,0.952,3.32E-84,HLA-A,8,CST7_TEM
397,2.55E-23,0.401560401,0.173,0.075,6.52E-19,P2RY8,8,CST7_TEM
398,1.32E-20,0.389471186,0.555,0.428,3.37E-16,IRF1,8,CST7_TEM
399,8.79E-22,0.3894245,0.436,0.295,2.24E-17,ITGB2,8,CST7_TEM
400,3.07E-18,0.386022814,0.26,0.151,7.85E-14,USP36,8,CST7_TEM
401,7.02E-42,1.683987223,0.418,0.242,1.79E-37,MT1X,9,MT1X_IEL
402,1.31E-200,1.319128046,0.622,0.187,3.36E-196,LDLRAD4,9,MT1X_IEL
403,5.40E-170,1.275691854,0.262,0.035,1.38E-165,TRDV1,9,MT1X_IEL
404,1.90E-195,1.200789592,0.866,0.435,4.87E-191,CREM,9,MT1X_IEL
405,8.98E-15,1.07476997,0.176,0.094,2.29E-10,MT1E,9,MT1X_IEL
406,6.13E-131,1.057601686,0.894,0.66,1.57E-126,CRIP1,9,MT1X_IEL
407,2.99E-04,1.038577867,0.448,0.431,1.00E+00,MT2A,9,MT1X_IEL
408,0.00E+00,1.036409523,0.265,0.012,0.00E+00,GPR15,9,MT1X_IEL
409,4.43E-22,1.021821835,0.24,0.126,1.13E-17,MT1F,9,MT1X_IEL
410,8.49E-122,0.981473249,0.344,0.082,2.17E-117,KIR2DL4,9,MT1X_IEL
411,3.76E-20,0.947146518,0.668,0.568,9.61E-16,GZMA,9,MT1X_IEL
412,1.17E-150,0.88384748,0.939,0.709,3.00E-146,CD7,9,MT1X_IEL
413,5.42E-50,0.83992796,0.355,0.162,1.39E-45,ISG15,9,MT1X_IEL
414,5.96E-70,0.812656131,0.578,0.32,1.52E-65,FAM177A1,9,MT1X_IEL
415,1.05E-100,0.810169276,0.262,0.058,2.69E-96,SLC16A3,9,MT1X_IEL
416,8.93E-129,0.776977401,0.16,0.017,2.28E-124,HES4,9,MT1X_IEL
417,7.50E-62,0.767157521,0.284,0.094,1.92E-57,KLRC2,9,MT1X_IEL
418,1.14E-54,0.766797775,0.402,0.19,2.91E-50,SLA2,9,MT1X_IEL
419,1.50E-106,0.755468142,0.163,0.021,3.82E-102,GEM,9,MT1X_IEL
420,7.08E-76,0.730522897,0.742,0.494,1.81E-71,YPEL5,9,MT1X_IEL
421,3.52E-50,0.717780508,0.52,0.305,9.00E-46,SH2D2A,9,MT1X_IEL
422,1.79E-51,0.710099752,0.63,0.417,4.58E-47,MYADM,9,MT1X_IEL
423,3.96E-49,0.70361825,0.245,0.085,1.01E-44,HP¦Ã¦Ä,9,MT1X_IEL
424,4.19E-50,0.703121759,0.574,0.35,1.07E-45,NR3C1,9,MT1X_IEL
425,1.19E-62,0.684644201,0.974,0.965,3.03E-58,FTH1,9,MT1X_IEL
426,5.31E-72,0.682915945,0.234,0.06,1.36E-67,ENTPD1,9,MT1X_IEL
427,5.55E-55,0.66992512,0.176,0.045,1.42E-50,PLPP1,9,MT1X_IEL
428,1.31E-39,0.666830863,0.336,0.155,3.35E-35,LMNA,9,MT1X_IEL
429,5.30E-46,0.653931625,0.271,0.102,1.35E-41,SPRY1,9,MT1X_IEL
430,1.93E-43,0.631615538,0.606,0.416,4.93E-39,ISG20,9,MT1X_IEL
431,2.32E-29,0.616783887,0.381,0.226,5.92E-25,PDCL3,9,MT1X_IEL
432,3.69E-21,0.614115272,0.37,0.241,9.43E-17,HSPH1,9,MT1X_IEL
433,1.30E-36,0.612235925,0.239,0.098,3.32E-32,JCHAIN,9,MT1X_IEL
434,3.11E-29,0.610275676,0.579,0.438,7.94E-25,HSPE1,9,MT1X_IEL
435,1.89E-36,0.608041944,0.253,0.104,4.84E-32,KLRC3,9,MT1X_IEL
436,3.18E-42,0.601336423,0.594,0.406,8.13E-38,GPR65,9,MT1X_IEL
437,2.48E-61,0.594202315,0.159,0.034,6.34E-57,LAYN,9,MT1X_IEL
438,1.62E-38,0.591850388,0.186,0.061,4.14E-34,TRDC,9,MT1X_IEL
439,1.22E-38,0.590187346,0.342,0.159,3.11E-34,PHLDA1,9,MT1X_IEL
440,3.29E-30,0.588375156,0.245,0.107,8.42E-26,CEBPD,9,MT1X_IEL
441,9.07E-32,0.579572188,0.345,0.184,2.32E-27,FOSL2,9,MT1X_IEL
442,1.16E-49,0.577529852,0.67,0.457,2.97E-45,SYTL3,9,MT1X_IEL
443,9.19E-44,0.576265603,0.163,0.046,2.35E-39,PDE4A,9,MT1X_IEL
444,1.60E-40,0.569673435,0.721,0.568,4.09E-36,TAGLN2,9,MT1X_IEL
445,4.06E-46,0.563885584,0.188,0.056,1.04E-41,RP11-277P12.6,9,MT1X_IEL
446,1.18E-24,0.551891486,0.422,0.275,3.03E-20,GSPT1,9,MT1X_IEL
447,5.27E-59,0.547944667,0.163,0.036,1.35E-54,ATP8B4,9,MT1X_IEL
448,2.06E-25,0.547366487,0.377,0.234,5.25E-21,VPS37B,9,MT1X_IEL
449,1.43E-36,0.546092293,0.547,0.365,3.65E-32,REL,9,MT1X_IEL
450,3.71E-32,0.541409894,0.408,0.237,9.47E-28,PDE4D,9,MT1X_IEL
451,0.00E+00,1.407711513,0.64,0.065,0.00E+00,LEF1,10,LEF1_TCM
452,0,1.274447288,0.59,0.08,0,SELL,10,LEF1_TCM
453,3.33E-218,1.015243852,0.535,0.115,8.51E-214,TCF7,10,LEF1_TCM
454,1.74E-180,0.946897805,0.774,0.275,4.45E-176,KLF2,10,LEF1_TCM
455,6.12E-247,0.919180567,0.382,0.051,1.56E-242,NELL2,10,LEF1_TCM
456,4.73E-248,0.909914487,0.412,0.058,1.21E-243,CCR7,10,LEF1_TCM
457,1.53E-289,0.784938968,0.999,0.98,3.91E-285,RPS13,10,LEF1_TCM
458,2.00E-88,0.773583995,0.465,0.172,5.10E-84,NOSIP,10,LEF1_TCM
459,1.58E-295,0.765858176,1,0.979,4.04E-291,RPS3A,10,LEF1_TCM
460,1.91E-99,0.729783155,0.274,0.06,4.87E-95,MYC,10,LEF1_TCM
461,1.25E-100,0.727906428,0.783,0.406,3.20E-96,CD55,10,LEF1_TCM
462,2.17E-165,0.701405575,0.978,0.836,5.54E-161,EEF1B2,10,LEF1_TCM
463,2.24E-86,0.684348878,0.73,0.392,5.72E-82,LBH,10,LEF1_TCM
464,1.15E-210,0.684047513,0.252,0.025,2.93E-206,ACTN1,10,LEF1_TCM
465,6.93E-261,0.655643843,1,0.984,1.77E-256,RPS23,10,LEF1_TCM
466,3.34E-199,0.646679911,0.996,0.941,8.53E-195,RPL5,10,LEF1_TCM
467,3.79E-189,0.643891823,0.994,0.929,9.69E-185,RPL22,10,LEF1_TCM
468,3.22E-86,0.64369362,0.77,0.45,8.22E-82,LDHB,10,LEF1_TCM
469,1.20E-127,0.642725064,0.28,0.051,3.07E-123,BACH2,10,LEF1_TCM
470,1.65E-283,0.635145492,1,0.992,4.21E-279,RPL32,10,LEF1_TCM
471,3.99E-92,0.633738975,0.323,0.085,1.02E-87,AIF1,10,LEF1_TCM
472,6.13E-80,0.632066356,0.459,0.169,1.57E-75,SATB1,10,LEF1_TCM
473,3.59E-199,0.624949799,0.996,0.961,9.18E-195,RPS5,10,LEF1_TCM
474,2.14E-141,0.610115544,0.214,0.027,5.47E-137,TRABD2A,10,LEF1_TCM
475,6.17E-69,0.604449517,0.223,0.054,1.58E-64,S100B,10,LEF1_TCM
476,1.61E-268,0.602374427,1,0.994,4.10E-264,RPL30,10,LEF1_TCM
477,3.55E-100,0.598975423,0.938,0.732,9.08E-96,NPM1,10,LEF1_TCM
478,2.35E-68,0.594424469,0.381,0.136,6.00E-64,FAM65B,10,LEF1_TCM
479,9.14E-143,0.593109408,0.211,0.026,2.34E-138,NGFRAP1,10,LEF1_TCM
480,2.56E-238,0.587715218,1,0.99,6.54E-234,RPL11,10,LEF1_TCM
481,2.34E-162,0.58583857,0.993,0.92,5.97E-158,RPL9,10,LEF1_TCM
482,5.21E-61,0.585120388,0.437,0.181,1.33E-56,FOXP1,10,LEF1_TCM
483,1.05E-62,0.578694891,0.516,0.236,2.67E-58,ATM,10,LEF1_TCM
484,8.08E-228,0.576763452,1,0.992,2.06E-223,RPS8,10,LEF1_TCM
485,1.42E-62,0.574415035,0.301,0.098,3.64E-58,MSL3,10,LEF1_TCM
486,1.58E-209,0.569902813,0.999,0.986,4.04E-205,RPS24,10,LEF1_TCM
487,2.00E-269,0.569287044,1,0.997,5.12E-265,RPS12,10,LEF1_TCM
488,2.00E-221,0.565495003,1,0.994,5.10E-217,RPL34,10,LEF1_TCM
489,1.31E-247,0.562140848,1,0.995,3.35E-243,RPL13,10,LEF1_TCM
490,8.90E-53,0.559434659,0.4,0.169,2.27E-48,FCMR,10,LEF1_TCM
491,7.62E-196,0.557986931,1,0.978,1.95E-191,RPS21,10,LEF1_TCM
492,2.13E-167,0.556602285,0.181,0.015,5.44E-163,SCML1,10,LEF1_TCM
493,1.32E-93,0.554689232,0.942,0.744,3.36E-89,RPL7,10,LEF1_TCM
494,1.25E-216,0.554439182,1,0.985,3.20E-212,RPS14,10,LEF1_TCM
495,1.80E-59,0.552799525,0.394,0.155,4.60E-55,CCDC109B,10,LEF1_TCM
496,4.77E-57,0.551143913,0.773,0.517,1.22E-52,C12orf57,10,LEF1_TCM
497,8.90E-174,0.550626518,1,0.973,2.27E-169,RPS6,10,LEF1_TCM
498,1.69E-94,0.550190608,0.948,0.767,4.31E-90,PABPC1,10,LEF1_TCM
499,7.19E-56,0.547358788,0.754,0.49,1.84E-51,ZFAS1,10,LEF1_TCM
500,4.48E-177,0.546624858,0.999,0.968,1.14E-172,RPL36,10,LEF1_TCM
501,1.69E-202,1.432801044,0.238,0.022,4.32E-198,TRBV2,11,TRBV2_TRM
502,7.47E-141,1.256719243,0.468,0.124,1.91E-136,ATF3,11,TRBV2_TRM
503,2.04E-201,1.167530595,0.916,0.413,5.22E-197,RGS1,11,TRBV2_TRM
504,2.35E-138,0.933958019,0.941,0.582,6.00E-134,IL7R,11,TRBV2_TRM
505,1.64E-111,0.93367082,0.913,0.63,4.20E-107,TNFAIP3,11,TRBV2_TRM
506,4.31E-305,0.930862073,0.2,0.007,1.10E-300,TRAV35,11,TRBV2_TRM
507,5.04E-134,0.920271456,0.959,0.695,1.29E-129,KLF6,11,TRBV2_TRM
508,4.00E-104,0.889092465,0.932,0.611,1.02E-99,FOS,11,TRBV2_TRM
509,4.73E-156,0.863732085,0.343,0.061,1.21E-151,MSMO1,11,TRBV2_TRM
510,2.75E-96,0.83326407,0.714,0.341,7.02E-92,LINC-PINT,11,TRBV2_TRM
511,1.30E-95,0.815190178,0.533,0.193,3.31E-91,LDLRAD4,11,TRBV2_TRM
512,6.07E-265,0.814366271,0.297,0.025,1.55E-260,GPR34,11,TRBV2_TRM
513,2.79E-113,0.80413844,0.522,0.164,7.14E-109,ITGA1,11,TRBV2_TRM
514,4.18E-71,0.795644762,0.338,0.106,1.07E-66,HMGCS1,11,TRBV2_TRM
515,1.42E-97,0.779359062,0.767,0.39,3.62E-93,PTGER4,11,TRBV2_TRM
516,3.85E-137,0.771014215,0.292,0.05,9.84E-133,CD248,11,TRBV2_TRM
517,2.02E-92,0.758176518,0.454,0.152,5.15E-88,FDFT1,11,TRBV2_TRM
518,1.02E-124,0.75552022,0.981,0.796,2.60E-120,TSC22D3,11,TRBV2_TRM
519,4.36E-75,0.74089366,0.957,0.778,1.11E-70,CD69,11,TRBV2_TRM
520,3.78E-131,0.736270445,0.243,0.035,9.67E-127,CST3,11,TRBV2_TRM
521,2.15E-134,0.719589533,0.31,0.056,5.49E-130,LDLR,11,TRBV2_TRM
522,4.78E-87,0.694933461,0.952,0.7,1.22E-82,DUSP1,11,TRBV2_TRM
523,7.72E-89,0.678043714,0.324,0.084,1.97E-84,CD160,11,TRBV2_TRM
524,0.00E+00,0.673085668,0.197,0.002,0.00E+00,CCR9,11,TRBV2_TRM
525,2.87E-77,0.664661112,0.603,0.267,7.32E-73,OXNAD1,11,TRBV2_TRM
526,5.52E-61,0.651242701,0.248,0.069,1.41E-56,CYB5A,11,TRBV2_TRM
527,1.06E-31,0.642457612,0.767,0.564,2.70E-27,JUN,11,TRBV2_TRM
528,4.78E-75,0.618367563,0.373,0.119,1.22E-70,ARHGEF7,11,TRBV2_TRM
529,4.65E-69,0.610046444,0.424,0.155,1.19E-64,ABI3,11,TRBV2_TRM
530,1.70E-110,0.602469326,0.998,0.92,4.33E-106,BTG1,11,TRBV2_TRM
531,1.26E-62,0.593916634,0.751,0.445,3.23E-58,CD8B,11,TRBV2_TRM
532,1.69E-79,0.591310204,0.886,0.564,4.31E-75,COTL1,11,TRBV2_TRM
533,8.88E-39,0.584272527,0.43,0.211,2.27E-34,NFKBIZ,11,TRBV2_TRM
534,3.70E-54,0.570765307,0.66,0.369,9.44E-50,CKLF,11,TRBV2_TRM
535,8.40E-98,0.563271654,0.229,0.041,2.15E-93,SQLE,11,TRBV2_TRM
536,5.22E-50,0.555032315,0.763,0.494,1.33E-45,YPEL5,11,TRBV2_TRM
537,2.60E-16,0.550314579,0.106,0.04,6.64E-12,TRAV12-2,11,TRBV2_TRM
538,2.05E-59,0.53668904,0.53,0.227,5.24E-55,CAPG,11,TRBV2_TRM
539,1.97E-38,0.515863685,0.514,0.273,5.04E-34,SOCS1,11,TRBV2_TRM
540,1.37E-46,0.514090912,0.883,0.668,3.50E-42,TXNIP,11,TRBV2_TRM
541,3.05E-56,0.512846547,0.502,0.216,7.80E-52,ITGAE,11,TRBV2_TRM
542,8.66E-49,0.509663397,0.238,0.074,2.21E-44,CBR1,11,TRBV2_TRM
543,1.71E-57,0.506201199,0.371,0.134,4.37E-53,TMI¦Ã¦Ä2,11,TRBV2_TRM
544,2.74E-55,0.485821637,0.814,0.479,7.00E-51,KLRB1,11,TRBV2_TRM
545,6.32E-62,0.483083277,0.99,0.964,1.62E-57,FTH1,11,TRBV2_TRM
546,1.26E-35,0.471705962,0.265,0.103,3.23E-31,SPRY1,11,TRBV2_TRM
547,1.26E-31,0.464636747,0.475,0.258,3.23E-27,INSIG1,11,TRBV2_TRM
548,1.83E-51,0.463411862,0.203,0.054,4.68E-47,CYSTM1,11,TRBV2_TRM
549,4.28E-39,0.456300231,0.237,0.083,1.09E-34,SESN1,11,TRBV2_TRM
550,6.28E-48,0.453070667,0.876,0.615,1.61E-43,CD8A,11,TRBV2_TRM
551,0.00E+00,1.468809843,0.692,0.086,0.00E+00,SELL,12,KLF2_TN
552,4.68E-205,1.318973467,0.882,0.281,1.20E-200,KLF2,12,KLF2_TN
553,0.00E+00,1.294148719,0.639,0.075,0.00E+00,LEF1,12,KLF2_TN
554,2.89E-248,1.139983919,0.492,0.062,7.40E-244,CCR7,12,KLF2_TN
555,2.52E-104,0.850149443,0.481,0.124,6.45E-100,TCF7,12,KLF2_TN
556,3.35E-83,0.807263571,0.819,0.412,8.56E-79,CD55,12,KLF2_TN
557,3.15E-81,0.805302899,0.524,0.175,8.05E-77,NOSIP,12,KLF2_TN
558,1.25E-55,0.721197828,0.478,0.184,3.19E-51,ABLIM1,12,KLF2_TN
559,1.42E-198,0.691198199,1,0.992,3.62E-194,RPS8,12,KLF2_TN
560,6.38E-166,0.651916642,1,0.979,1.63E-161,RPS3A,12,KLF2_TN
561,2.61E-101,0.649707656,0.993,0.838,6.66E-97,EEF1B2,12,KLF2_TN
562,3.46E-58,0.649265974,0.789,0.455,8.85E-54,LDHB,12,KLF2_TN
563,9.48E-155,0.639754382,1,0.98,2.42E-150,RPS13,12,KLF2_TN
564,9.92E-71,0.63737093,0.692,0.288,2.53E-66,LTB,12,KLF2_TN
565,7.61E-126,0.635969096,0.998,0.942,1.95E-121,RPL5,12,KLF2_TN
566,1.60E-64,0.633188214,0.333,0.089,4.08E-60,AIF1,12,KLF2_TN
567,3.98E-114,0.629453529,0.231,0.029,1.02E-109,NGFRAP1,12,KLF2_TN
568,4.29E-102,0.621021713,0.213,0.027,1.10E-97,MAL,12,KLF2_TN
569,1.91E-139,0.618550413,1,0.961,4.87E-135,RPS5,12,KLF2_TN
570,1.23E-171,0.615586617,1,0.994,3.14E-167,RPL34,12,KLF2_TN
571,5.16E-180,0.614310954,1,0.992,1.32E-175,RPL32,12,KLF2_TN
572,4.10E-72,0.605787381,0.281,0.061,1.05E-67,NELL2,12,KLF2_TN
573,1.31E-32,0.590495338,0.197,0.058,3.35E-28,S100B,12,KLF2_TN
574,5.68E-116,0.585172346,0.998,0.93,1.45E-111,RPL22,12,KLF2_TN
575,3.68E-87,0.578085892,0.209,0.03,9.41E-83,ACTN1,12,KLF2_TN
576,5.33E-51,0.57512459,0.324,0.098,1.36E-46,KLF3,12,KLF2_TN
577,1.64E-35,0.568481973,0.546,0.285,4.19E-31,NDFIP1,12,KLF2_TN
578,2.11E-146,0.565380679,1,0.988,5.39E-142,RPL18A,12,KLF2_TN
579,5.73E-62,0.563411549,0.93,0.771,1.46E-57,PABPC1,12,KLF2_TN
580,2.36E-141,0.560022525,1,0.984,6.04E-137,RPS23,12,KLF2_TN
581,1.12E-40,0.558326756,0.766,0.505,2.85E-36,EIF3E,12,KLF2_TN
582,1.18E-118,0.553226047,1,0.969,3.02E-114,RPL36,12,KLF2_TN
583,2.36E-38,0.552947211,0.365,0.141,6.04E-34,FAM65B,12,KLF2_TN
584,6.32E-124,0.551844556,0.998,0.977,1.62E-119,RPL18,12,KLF2_TN
585,7.40E-56,0.550289098,0.24,0.056,1.89E-51,BACH2,12,KLF2_TN
586,2.19E-32,0.54731868,0.404,0.179,5.59E-28,TOB1,12,KLF2_TN
587,4.15E-146,0.544762673,1,0.99,1.06E-141,RPL11,12,KLF2_TN
588,1.37E-61,0.544673178,0.955,0.747,3.51E-57,RPL7,12,KLF2_TN
589,3.12E-122,0.54326624,0.998,0.972,7.97E-118,RPL29,12,KLF2_TN
590,2.70E-150,0.539023906,1,0.994,6.89E-146,RPL30,12,KLF2_TN
591,1.59E-172,0.538673195,1,0.997,4.06E-168,RPS12,12,KLF2_TN
592,5.37E-35,0.526334796,0.304,0.111,1.37E-30,PLAC8,12,KLF2_TN
593,6.74E-118,0.525858352,1,0.976,1.72E-113,RPL35A,12,KLF2_TN
594,5.33E-133,0.516605398,1,0.986,1.36E-128,RPL12,12,KLF2_TN
595,4.48E-143,0.513471112,1,0.995,1.14E-138,RPL13,12,KLF2_TN
596,1.10E-115,0.513122398,1,0.987,2.82E-111,RPS24,12,KLF2_TN
597,3.04E-130,0.511716061,1,0.986,7.76E-126,RPS14,12,KLF2_TN
598,3.85E-146,0.511593939,1,0.993,9.83E-142,RPS28,12,KLF2_TN
599,7.81E-36,0.511500009,0.429,0.186,2.00E-31,FOXP1,12,KLF2_TN
600,2.71E-25,0.509285893,0.494,0.278,6.93E-21,DCXR,12,KLF2_TN
601,1.69E-176,1.630268571,0.811,0.284,4.32E-172,LTB,13,LTB_MAIT
602,5.37E-169,1.297027939,0.462,0.082,1.37E-164,NCR3,13,LTB_MAIT
603,0.00E+00,1.246263086,0.421,0.01,0.00E+00,SLC4A10,13,LTB_MAIT
604,5.33E-28,1.090765305,0.144,0.038,1.36E-23,CCL20,13,LTB_MAIT
605,7.86E-84,0.95563192,0.879,0.577,2.01E-79,NFKBIA,13,LTB_MAIT
606,7.67E-76,0.953821816,0.558,0.21,1.96E-71,NFKBIZ,13,LTB_MAIT
607,3.60E-67,0.915590492,0.79,0.485,9.20E-63,KLRB1,13,LTB_MAIT
608,2.81E-80,0.854612543,0.396,0.104,7.18E-76,CEBPD,13,LTB_MAIT
609,2.61E-120,0.795477137,0.255,0.033,6.67E-116,TRAV1-2,13,LTB_MAIT
610,3.94E-99,0.707211229,0.235,0.034,1.01E-94,CCR6,13,LTB_MAIT
611,1.84E-45,0.706596853,0.376,0.14,4.70E-41,NFKB1,13,LTB_MAIT
612,4.98E-46,0.702623179,0.706,0.406,1.27E-41,GPR65,13,LTB_MAIT
613,5.09E-23,0.655176802,0.173,0.059,1.30E-18,S100B,13,LTB_MAIT
614,2.23E-65,0.644166345,0.938,0.587,5.70E-61,IL7R,13,LTB_MAIT
615,3.43E-49,0.63551286,0.51,0.21,8.75E-45,TTC39C,13,LTB_MAIT
616,4.71E-20,0.629917266,0.241,0.106,1.20E-15,BCL2A1,13,LTB_MAIT
617,1.65E-35,0.609810128,0.487,0.236,4.21E-31,NFE2L2,13,LTB_MAIT
618,5.89E-46,0.600446806,0.285,0.085,1.51E-41,CD83,13,LTB_MAIT
619,4.54E-82,0.595875427,0.21,0.032,1.16E-77,CD40LG,13,LTB_MAIT
620,9.32E-34,0.594949958,0.831,0.637,2.38E-29,TNFAIP3,13,LTB_MAIT
621,4.43E-52,0.589219293,0.237,0.057,1.13E-47,ICAM1,13,LTB_MAIT
622,2.33E-55,0.580232519,0.317,0.09,5.95E-51,AQP3,13,LTB_MAIT
623,1.76E-65,0.572827645,0.214,0.041,4.51E-61,TNFRSF25,13,LTB_MAIT
624,1.69E-33,0.558154172,0.449,0.211,4.31E-29,STAT1,13,LTB_MAIT
625,1.44E-39,0.522336359,0.478,0.202,3.68E-35,KLRG1,13,LTB_MAIT
626,4.47E-29,0.521898035,0.415,0.192,1.14E-24,BIRC3,13,LTB_MAIT
627,5.93E-48,0.521228113,0.269,0.074,1.51E-43,SLAMF1,13,LTB_MAIT
628,2.40E-33,0.52079957,0.351,0.144,6.14E-29,BHLHE40,13,LTB_MAIT
629,3.24E-30,0.506115226,0.54,0.291,8.27E-26,SPOCK2,13,LTB_MAIT
630,8.92E-33,0.489626077,0.271,0.095,2.28E-28,NFKB2,13,LTB_MAIT
631,4.85E-63,0.488792317,0.194,0.035,1.24E-58,DPP4,13,LTB_MAIT
632,1.97E-80,0.485054724,0.116,0.01,5.04E-76,FEZ1,13,LTB_MAIT
633,1.83E-22,0.478124372,0.638,0.428,4.66E-18,IRF1,13,LTB_MAIT
634,7.11E-67,0.476414798,0.175,0.027,1.82E-62,LST1,13,LTB_MAIT
635,1.34E-26,0.471803113,0.367,0.167,3.43E-22,BCL3,13,LTB_MAIT
636,2.17E-48,0.470654727,0.968,0.805,5.55E-44,S100A4,13,LTB_MAIT
637,1.49E-140,0.46383111,0.125,0.006,3.80E-136,IL4I1,13,LTB_MAIT
638,1.11E-30,0.453482983,0.103,0.02,2.83E-26,TRBV6-1,13,LTB_MAIT
639,1.22E-23,0.444424012,0.349,0.162,3.11E-19,PHLDA1,13,LTB_MAIT
640,1.29E-26,0.426780653,0.235,0.086,3.30E-22,NINJ1,13,LTB_MAIT
641,3.27E-26,0.42459427,0.13,0.034,8.35E-22,LTA,13,LTB_MAIT
642,8.67E-27,0.421620958,0.157,0.045,2.22E-22,S1PR5,13,LTB_MAIT
643,4.34E-23,0.420277111,0.301,0.132,1.11E-18,RELB,13,LTB_MAIT
644,3.05E-28,0.419168175,0.405,0.184,7.79E-24,IFNGR1,13,LTB_MAIT
645,2.33E-20,0.41747002,0.907,0.782,5.95E-16,CD69,13,LTB_MAIT
646,2.04E-100,0.415518374,0.128,0.009,5.22E-96,IL23R,13,LTB_MAIT
647,9.26E-21,0.414999075,0.36,0.178,2.37E-16,SATB1,13,LTB_MAIT
648,3.21E-19,0.407382538,0.369,0.193,8.19E-15,ZC3H12A,13,LTB_MAIT
649,1.07E-23,0.405308085,0.419,0.21,2.72E-19,MYBL1,13,LTB_MAIT
650,5.83E-41,0.393562655,0.558,0.24,1.49E-36,GZMK,13,LTB_MAIT
651,0.00E+00,1.618758358,0.818,0.084,0.00E+00,SELL,14,CCR7_TN
652,0.00E+00,1.518300931,0.713,0.056,0.00E+00,CCR7,14,CCR7_TN
653,0.00E+00,1.455837426,0.758,0.073,0.00E+00,LEF1,14,CCR7_TN
654,6.67E-180,1.167048715,0.81,0.219,1.70E-175,LINC00861,14,CCR7_TN
655,3.52E-214,1.12743839,0.661,0.12,8.99E-210,TCF7,14,CCR7_TN
656,1.52E-90,1.000057453,0.302,0.055,3.87E-86,S100B,14,CCR7_TN
657,9.36E-133,0.997844985,0.786,0.255,2.39E-128,GIMAP7,14,CCR7_TN
658,9.89E-137,0.995443276,0.656,0.172,2.53E-132,NOSIP,14,CCR7_TN
659,8.62E-174,0.990136526,0.648,0.133,2.20E-169,FAM65B,14,CCR7_TN
660,2.57E-151,0.975603115,0.541,0.108,6.58E-147,PCED1B,14,CCR7_TN
661,1.04E-128,0.934351117,0.94,0.451,2.66E-124,LDHB,14,CCR7_TN
662,2.10E-126,0.929766578,0.756,0.236,5.35E-122,GIMAP4,14,CCR7_TN
663,1.38E-132,0.906863085,0.978,0.669,3.52E-128,RPL36A,14,CCR7_TN
664,0.00E+00,0.875905685,0.387,0.023,0.00E+00,MAL,14,CCR7_TN
665,4.61E-293,0.858882199,0.364,0.024,1.18E-288,C1orf228,14,CCR7_TN
666,8.17E-152,0.830045486,0.489,0.085,2.09E-147,AIF1,14,CCR7_TN
667,2.47E-278,0.812035307,0.367,0.026,6.31E-274,ACTN1,14,CCR7_TN
668,8.47E-101,0.809984007,0.788,0.286,2.17E-96,LTB,14,CCR7_TN
669,3.77E-180,0.805727539,0.429,0.057,9.64E-176,NELL2,14,CCR7_TN
670,3.14E-153,0.775146072,0.411,0.061,8.03E-149,MYC,14,CCR7_TN
671,7.75E-173,0.748264698,0.367,0.043,1.98E-168,LDLRAP1,14,CCR7_TN
672,8.43E-101,0.728227153,0.651,0.191,2.15E-96,TRAF3IP3,14,CCR7_TN
673,4.65E-79,0.725523992,0.9,0.445,1.19E-74,CD8B,14,CCR7_TN
674,4.58E-70,0.707958583,0.728,0.303,1.17E-65,PRMT2,14,CCR7_TN
675,3.35E-147,0.704271438,1,0.93,8.57E-143,RPL22,14,CCR7_TN
676,1.92E-165,0.692574844,0.314,0.033,4.90E-161,TXK,14,CCR7_TN
677,2.34E-180,0.691699125,0.304,0.028,5.98E-176,TRABD2A,14,CCR7_TN
678,2.02E-107,0.689701943,0.988,0.838,5.15E-103,EEF1B2,14,CCR7_TN
679,2.04E-100,0.684516325,0.374,0.072,5.20E-96,CISH,14,CCR7_TN
680,3.82E-178,0.674118818,1,0.992,9.77E-174,RPS8,14,CCR7_TN
681,4.60E-67,0.665148339,0.798,0.374,1.18E-62,LIMD2,14,CCR7_TN
682,5.68E-106,0.661887235,0.344,0.059,1.45E-101,ITGA6,14,CCR7_TN
683,1.25E-194,0.660268679,0.309,0.027,3.19E-190,NGFRAP1,14,CCR7_TN
684,2.03E-132,0.645027475,0.998,0.942,5.18E-128,RPL5,14,CCR7_TN
685,1.16E-148,0.628215297,0.279,0.029,2.96E-144,PDK1,14,CCR7_TN
686,1.30E-137,0.618269505,1,0.98,3.31E-133,RPS13,14,CCR7_TN
687,7.15E-60,0.613814984,0.875,0.503,1.83E-55,EIF3E,14,CCR7_TN
688,4.00E-141,0.60918191,1,0.979,1.02E-136,RPS3A,14,CCR7_TN
689,1.30E-125,0.607742965,1,0.961,3.33E-121,RPS5,14,CCR7_TN
690,5.72E-111,0.598488185,0.344,0.056,1.46E-106,S1PR1,14,CCR7_TN
691,6.16E-72,0.592448285,0.524,0.158,1.57E-67,GIMAP1,14,CCR7_TN
692,5.52E-55,0.591401509,0.758,0.362,1.41E-50,SNHG8,14,CCR7_TN
693,6.56E-57,0.591297801,0.788,0.371,1.68E-52,RP11-291B21.2,14,CCR7_TN
694,1.98E-76,0.587868161,0.968,0.748,5.05E-72,RPL7,14,CCR7_TN
695,2.00E-80,0.582750274,0.392,0.091,5.10E-76,GIMAP5,14,CCR7_TN
696,1.83E-51,0.581737375,0.539,0.207,4.69E-47,PIM1,14,CCR7_TN
697,6.31E-99,0.579050093,1,0.921,1.61E-94,RPL9,14,CCR7_TN
698,7.72E-156,0.578549526,1,0.992,1.97E-151,RPL32,14,CCR7_TN
699,4.84E-137,0.573775732,1,0.984,1.24E-132,RPS23,14,CCR7_TN
700,4.86E-101,0.571019577,0.998,0.914,1.24E-96,RPL10A,14,CCR7_TN
701,2.51E-107,2.833855038,0.787,0.422,6.40E-103,MT2A,15,MT2A_TEFF
702,5.77E-223,2.629038222,0.546,0.085,1.47E-218,MT1E,15,MT2A_TEFF
703,7.41E-83,2.612097933,0.577,0.241,1.89E-78,MT1X,15,MT2A_TEFF
704,4.68E-48,2.027511115,0.349,0.125,1.19E-43,MT1F,15,MT2A_TEFF
705,3.43E-105,1.575973748,0.21,0.023,8.76E-101,TRBV7-2,15,MT2A_TEFF
706,6.23E-113,1.458906688,0.315,0.047,1.59E-108,GNLY,15,MT2A_TEFF
707,0.00E+00,1.353025526,0.396,0.026,0.00E+00,FGFBP2,15,MT2A_TEFF
708,3.79E-87,1.299296901,0.732,0.322,9.68E-83,HSPA1A,15,MT2A_TEFF
709,1.06E-59,1.175235153,0.627,0.304,2.71E-55,HSPA1B,15,MT2A_TEFF
710,1.43E-85,1.162667126,0.465,0.137,3.65E-81,ITGB1,15,MT2A_TEFF
711,1.75E-75,1.016760157,0.627,0.25,4.48E-71,GZMH,15,MT2A_TEFF
712,1.47E-74,0.91252536,0.879,0.636,3.74E-70,NKG7,15,MT2A_TEFF
713,3.17E-38,0.845177585,0.803,0.6,8.10E-34,DNAJB1,15,MT2A_TEFF
714,9.55E-42,0.824316026,0.585,0.323,2.44E-37,PRF1,15,MT2A_TEFF
715,9.79E-14,0.76356462,0.543,0.442,2.50E-09,HSPE1,15,MT2A_TEFF
716,1.21E-17,0.762874521,0.11,0.031,3.10E-13,HSPA6,15,MT2A_TEFF
717,2.89E-37,0.742460098,0.911,0.804,7.38E-33,HSP90AA1,15,MT2A_TEFF
718,3.13E-50,0.739943485,0.612,0.282,7.99E-46,GZMB,15,MT2A_TEFF
719,3.55E-40,0.715326755,0.585,0.292,9.07E-36,KLF2,15,MT2A_TEFF
720,4.20E-02,0.657500283,0.32,0.313,1.00E+00,HSPD1,15,MT2A_TEFF
721,1.07E-31,0.655914501,0.682,0.439,2.75E-27,LGALS1,15,MT2A_TEFF
722,8.21E-08,0.601774213,0.336,0.245,2.10E-03,HSPH1,15,MT2A_TEFF
723,3.99E-19,0.590632449,0.291,0.146,1.02E-14,EFHD2,15,MT2A_TEFF
724,4.76E-25,0.559090593,0.129,0.032,1.22E-20,SLC30A1,15,MT2A_TEFF
725,9.02E-18,0.555676438,0.339,0.174,2.30E-13,TNF,15,MT2A_TEFF
726,4.84E-27,0.546420192,0.667,0.492,1.24E-22,EMP3,15,MT2A_TEFF
727,1.62E-18,0.543849712,0.234,0.101,4.15E-14,KLF3,15,MT2A_TEFF
728,4.02E-09,0.540163723,0.194,0.109,1.03E-04,ZFAND2A,15,MT2A_TEFF
729,6.88E-27,0.530300902,0.147,0.038,1.76E-22,ADGRG1,15,MT2A_TEFF
730,1.50E-16,0.514629418,0.459,0.299,3.84E-12,ITGB2,15,MT2A_TEFF
731,8.58E-37,0.512875793,0.942,0.828,2.19E-32,HSPA8,15,MT2A_TEFF
732,3.96E-22,0.512742965,0.732,0.604,1.01E-17,S100A10,15,MT2A_TEFF
733,1.75E-31,0.511656583,0.887,0.808,4.46E-27,S100A4,15,MT2A_TEFF
734,2.11E-46,0.505265263,0.123,0.018,5.39E-42,CX3CR1,15,MT2A_TEFF
735,6.15E-26,0.500290584,0.816,0.722,1.57E-21,S100A6,15,MT2A_TEFF
736,4.24E-13,0.489955669,0.37,0.24,1.08E-08,C12orf75,15,MT2A_TEFF
737,2.49E-16,0.485940652,0.173,0.068,6.35E-12,TGFBR3,15,MT2A_TEFF
738,1.37E-14,0.484601482,0.357,0.2,3.49E-10,IFNG,15,MT2A_TEFF
739,1.46E-12,0.48273735,0.223,0.114,3.73E-08,PLAC8,15,MT2A_TEFF
740,2.40E-05,0.479267679,0.155,0.097,6.13E-01,MRPL18,15,MT2A_TEFF
741,1.86E-16,0.473563091,0.465,0.291,4.75E-12,HLA-DRB1,15,MT2A_TEFF
742,8.01E-07,0.47235319,0.32,0.248,0.020462065,HSPB1,15,MT2A_TEFF
743,1.49E-11,0.467287193,0.433,0.32,3.79E-07,FLNA,15,MT2A_TEFF
744,2.52E-14,0.466967853,0.808,0.78,6.45E-10,HSP90AB1,15,MT2A_TEFF
745,7.70E-24,0.460691358,0.85,0.775,1.97E-19,UBB,15,MT2A_TEFF
746,4.29E-08,0.456951038,0.262,0.171,0.001096412,BCL3,15,MT2A_TEFF
747,6.11E-28,0.450147476,0.139,0.034,1.56E-23,C1orf21,15,MT2A_TEFF
748,2.59E-08,0.445579933,0.157,0.082,0.000661441,FKBP4,15,MT2A_TEFF
749,1.05E-11,0.442966091,0.192,0.093,2.67E-07,PLEK,15,MT2A_TEFF
750,3.52E-15,0.441788895,0.365,0.206,8.99E-11,KLRG1,15,MT2A_TEFF
751,0.00E+00,2.449816992,0.873,0.049,0,TRBV4-2,16,TRAV29DV5_TEFF
752,0.00E+00,1.920961577,0.739,0.05,0,TRAV29DV5,16,TRAV29DV5_TEFF
753,3.98E-140,1.416486715,0.94,0.341,1.02E-135,TRBC1,16,TRAV29DV5_TEFF
754,4.54E-124,1.299828924,0.828,0.249,1.16E-119,GZMH,16,TRAV29DV5_TEFF
755,1.20E-212,1.274282256,0.47,0.044,3.06E-208,FCGR3A,16,TRAV29DV5_TEFF
756,3.51E-148,1.236687088,0.627,0.112,8.96E-144,TRGV8,16,TRAV29DV5_TEFF
757,4.89E-111,1.226154859,0.989,0.636,1.25E-106,NKG7,16,TRAV29DV5_TEFF
758,2.63E-136,1.155302158,0.601,0.109,6.72E-132,HLA-DQA1,16,TRAV29DV5_TEFF
759,7.49E-92,1.022196149,0.571,0.137,1.91E-87,CMC1,16,TRAV29DV5_TEFF
760,1.48E-78,0.964348681,0.664,0.201,3.78E-74,KLRG1,16,TRAV29DV5_TEFF
761,3.47E-104,0.952959033,0.481,0.088,8.86E-100,PLEK,16,TRAV29DV5_TEFF
762,2.95E-36,0.931442113,0.291,0.078,7.53E-32,S100A8,16,TRAV29DV5_TEFF
763,2.80E-75,0.921169677,0.534,0.137,7.16E-71,TRG-AS1,16,TRAV29DV5_TEFF
764,1.47E-62,0.914840872,0.728,0.287,3.74E-58,HLA-DRB1,16,TRAV29DV5_TEFF
765,4.66E-63,0.884462266,0.66,0.243,1.19E-58,GIMAP4,16,TRAV29DV5_TEFF
766,1.50E-61,0.878697424,0.683,0.262,3.84E-57,GIMAP7,16,TRAV29DV5_TEFF
767,3.40E-70,0.877962722,0.877,0.394,8.70E-66,KLRD1,16,TRAV29DV5_TEFF
768,3.83E-117,0.870729249,0.347,0.043,9.80E-113,S1PR5,16,TRAV29DV5_TEFF
769,3.49E-71,0.865895397,0.959,0.564,8.92E-67,CST7,16,TRAV29DV5_TEFF
770,4.40E-59,0.843796814,0.69,0.271,1.13E-54,HLA-DPB1,16,TRAV29DV5_TEFF
771,5.47E-84,0.812575676,0.336,0.054,1.40E-79,FCRL6,16,TRAV29DV5_TEFF
772,1.58E-87,0.803167554,0.593,0.138,4.03E-83,TRGV9,16,TRAV29DV5_TEFF
773,1.12E-63,0.800165248,0.358,0.075,2.87E-59,EOMES,16,TRAV29DV5_TEFF
774,2.04E-53,0.790758383,0.47,0.141,5.20E-49,HLA-DRB5,16,TRAV29DV5_TEFF
775,2.33E-40,0.768660033,0.679,0.323,5.95E-36,PRF1,16,TRAV29DV5_TEFF
776,8.00E-45,0.750262578,0.739,0.373,2.04E-40,PSMB9,16,TRAV29DV5_TEFF
777,3.46E-36,0.746391253,0.407,0.14,8.84E-32,HLA-DRA,16,TRAV29DV5_TEFF
778,2.06E-30,0.73820499,0.485,0.214,5.26E-26,STAT1,16,TRAV29DV5_TEFF
779,9.12E-39,0.726883531,0.429,0.146,2.33E-34,TIGIT,16,TRAV29DV5_TEFF
780,1.07E-40,0.720005718,0.608,0.264,2.72E-36,HLA-DPA1,16,TRAV29DV5_TEFF
781,1.73E-37,0.71837698,0.892,0.641,4.43E-33,CD74,16,TRAV29DV5_TEFF
782,4.56E-50,0.707152973,0.843,0.451,1.17E-45,CD8B,16,TRAV29DV5_TEFF
783,4.06E-93,0.705125316,0.209,0.019,1.04E-88,TRAV22,16,TRAV29DV5_TEFF
784,9.40E-42,0.697830523,0.66,0.296,2.40E-37,ITGB2,16,TRAV29DV5_TEFF
785,4.63E-32,0.697239244,0.47,0.192,1.18E-27,ZBTB38,16,TRAV29DV5_TEFF
786,3.26E-40,0.694761517,0.388,0.116,8.32E-36,CCL3,16,TRAV29DV5_TEFF
787,3.61E-48,0.689386896,0.918,0.571,9.22E-44,CTSW,16,TRAV29DV5_TEFF
788,1.27E-33,0.675512408,0.44,0.168,3.24E-29,PYHIN1,16,TRAV29DV5_TEFF
789,2.73E-29,0.674722728,0.515,0.231,6.98E-25,LINC00861,16,TRAV29DV5_TEFF
790,1.08E-66,0.67448912,0.22,0.03,2.76E-62,FGR,16,TRAV29DV5_TEFF
791,6.67E-39,0.666700847,0.828,0.499,1.71E-34,GZMM,16,TRAV29DV5_TEFF
792,6.36E-30,0.663951993,0.567,0.278,1.63E-25,CTSC,16,TRAV29DV5_TEFF
793,3.80E-29,0.663344368,0.653,0.381,9.71E-25,LIMD2,16,TRAV29DV5_TEFF
794,5.78E-26,0.632873392,0.429,0.184,1.48E-21,DENND2D,16,TRAV29DV5_TEFF
795,9.44E-28,0.629304517,0.455,0.195,2.41E-23,GBP5,16,TRAV29DV5_TEFF
796,3.41E-29,0.625464728,0.358,0.13,8.72E-25,GBP1,16,TRAV29DV5_TEFF
797,2.19E-42,0.611585151,0.918,0.622,5.60E-38,CD8A,16,TRAV29DV5_TEFF
798,2.85E-26,0.609588287,0.556,0.275,7.28E-22,AC092580.4,16,TRAV29DV5_TEFF
799,2.59E-27,0.605498115,0.44,0.188,6.62E-23,APMAP,16,TRAV29DV5_TEFF
800,3.42E-27,0.593255741,0.354,0.131,8.74E-23,SYNE1,16,TRAV29DV5_TEFF
801,1.47E-244,2.027796754,0.449,0.034,3.75E-240,CCL20,17,CCL20_MAIT
802,3.13E-133,1.734851572,0.727,0.168,8.00E-129,TNF,17,CCL20_MAIT
803,3.02E-80,1.457883354,0.758,0.292,7.72E-76,LTB,17,CCL20_MAIT
804,3.21E-74,1.432245746,0.871,0.434,8.21E-70,GADD45B,17,CCL20_MAIT
805,3.51E-272,1.389349994,0.449,0.03,8.96E-268,CD40LG,17,CCL20_MAIT
806,3.54E-92,1.123895277,0.316,0.043,9.04E-88,GADD45G,17,CCL20_MAIT
807,5.97E-36,0.881586517,0.336,0.099,1.52E-31,IER3,17,CCL20_MAIT
808,1.88E-62,0.869699087,0.957,0.628,4.80E-58,IER2,17,CCL20_MAIT
809,4.01E-52,0.863133319,0.754,0.325,1.03E-47,HSPA1A,17,CCL20_MAIT
810,9.06E-49,0.82953953,0.719,0.305,2.32E-44,HSPA1B,17,CCL20_MAIT
811,1.49E-48,0.771476802,0.363,0.092,3.80E-44,AQP3,17,CCL20_MAIT
812,7.39E-40,0.751703095,0.859,0.488,1.89E-35,KLRB1,17,CCL20_MAIT
813,1.60E-37,0.727548738,0.559,0.217,4.09E-33,NR4A1,17,CCL20_MAIT
814,2.67E-41,0.72558486,0.812,0.455,6.83E-37,TUBB4B,17,CCL20_MAIT
815,3.63E-37,0.715442161,0.867,0.595,9.28E-33,ZFP36L1,17,CCL20_MAIT
816,7.06E-62,0.69639039,0.242,0.036,1.80E-57,CCR6,17,CCL20_MAIT
817,0.00E+00,0.691965314,0.191,0.002,0.00E+00,THY1,17,CCL20_MAIT
818,8.59E-44,0.670479438,0.953,0.807,2.19E-39,S100A4,17,CCL20_MAIT
819,9.27E-61,0.64032381,0.176,0.02,2.37E-56,SLC4A10,17,CCL20_MAIT
820,1.26E-51,0.625344772,0.223,0.036,3.23E-47,DPP4,17,CCL20_MAIT
821,1.58E-26,0.620889713,0.43,0.175,4.05E-22,HEXIM1,17,CCL20_MAIT
822,3.64E-25,0.615518139,0.879,0.621,9.30E-21,FOS,17,CCL20_MAIT
823,4.47E-31,0.605391627,0.797,0.448,1.14E-26,FOSB,17,CCL20_MAIT
824,8.58E-44,0.592450295,0.227,0.043,2.19E-39,TNFRSF25,17,CCL20_MAIT
825,2.06E-09,0.588664157,0.125,0.045,5.27E-05,TRBV20-1,17,CCL20_MAIT
826,2.21E-22,0.584910925,0.816,0.597,5.64E-18,ID2,17,CCL20_MAIT
827,7.53E-27,0.578029593,0.84,0.568,1.92E-22,JUN,17,CCL20_MAIT
828,3.13E-16,0.569461712,0.289,0.122,8.00E-12,NEU1,17,CCL20_MAIT
829,1.92E-21,0.545171463,0.422,0.18,4.92E-17,EGR1,17,CCL20_MAIT
830,5.95E-96,0.544857694,0.16,0.01,1.52E-91,IL23R,17,CCL20_MAIT
831,2.36E-23,0.542678566,0.863,0.601,6.02E-19,DNAJB1,17,CCL20_MAIT
832,2.18E-22,0.539517048,0.246,0.077,5.57E-18,SLAMF1,17,CCL20_MAIT
833,7.49E-18,0.527262201,0.266,0.102,1.91E-13,ATF7IP2,17,CCL20_MAIT
834,6.65E-25,0.523406371,0.156,0.034,1.70E-20,LTA,17,CCL20_MAIT
835,9.14E-12,0.500035099,0.602,0.406,2.34E-07,SQSTM1,17,CCL20_MAIT
836,2.30E-127,0.480139845,0.129,0.004,5.87E-123,TSPAN15,17,CCL20_MAIT
837,6.27E-82,0.478244546,0.148,0.011,1.60E-77,RORC,17,CCL20_MAIT
838,2.44E-17,0.471166293,0.426,0.21,6.22E-13,FLT3LG,17,CCL20_MAIT
839,3.61E-14,0.468327679,0.469,0.26,9.23E-10,H2AFX,17,CCL20_MAIT
840,8.42E-35,0.464800681,0.176,0.032,2.15E-30,ELK3,17,CCL20_MAIT
841,2.31E-18,0.460135056,0.148,0.039,5.90E-14,RUNX2,17,CCL20_MAIT
842,4.25E-19,0.459278582,0.223,0.073,1.09E-14,HIST2H2AA4,17,CCL20_MAIT
843,2.64E-15,0.459151078,0.594,0.381,6.74E-11,YWHAQ,17,CCL20_MAIT
844,3.84E-14,0.454755222,0.305,0.136,9.80E-10,KLF10,17,CCL20_MAIT
845,9.43E-17,0.454200741,0.41,0.198,2.41E-12,CCDC107,17,CCL20_MAIT
846,1.52E-18,0.452253597,0.23,0.079,3.90E-14,CISH,17,CCL20_MAIT
847,7.18E-24,0.450385673,0.871,0.613,1.84E-19,BRD2,17,CCL20_MAIT
848,1.48E-49,0.450192963,0.121,0.012,3.78E-45,FOXJ1,17,CCL20_MAIT
849,9.75E-12,0.448923889,0.742,0.597,2.49E-07,DDIT4,17,CCL20_MAIT
850,5.35E-16,0.447318903,0.73,0.542,1.37E-11,LAPTM5,17,CCL20_MAIT
851,3.87E-306,1.816342078,0.534,0.037,9.89E-302,TRDV1,18,TRDV1_¦Ã¦Ä
852,6.67E-306,1.54225891,0.644,0.056,1.70E-301,TRDC,18,TRDV1_¦Ã¦Ä
853,0.00E+00,1.43204922,0.451,0.02,0.00E+00,TRGV5,18,TRDV1_¦Ã¦Ä
854,1.85E-268,1.302137715,0.237,0.007,4.73E-264,TRDV3,18,TRDV1_¦Ã¦Ä
855,9.02E-112,1.240789931,0.625,0.136,2.30E-107,CMC1,18,TRDV1_¦Ã¦Ä
856,2.57E-146,1.218745126,0.332,0.03,6.58E-142,TYROBP,18,TRDV1_¦Ã¦Ä
857,3.21E-108,1.112069024,0.538,0.104,8.19E-104,KLRC3,18,TRDV1_¦Ã¦Ä
858,3.71E-191,1.100413564,0.368,0.028,9.48E-187,KLRF1,18,TRDV1_¦Ã¦Ä
859,2.94E-76,0.958190371,0.909,0.393,7.50E-72,KLRD1,18,TRDV1_¦Ã¦Ä
860,2.18E-71,0.908582208,0.514,0.128,5.58E-67,LYST,18,TRDV1_¦Ã¦Ä
861,1.55E-67,0.901561363,0.648,0.202,3.96E-63,KLRG1,18,TRDV1_¦Ã¦Ä
862,1.44E-83,0.87423015,0.324,0.048,3.68E-79,FCGR3A,18,TRDV1_¦Ã¦Ä
863,1.90E-64,0.848490541,0.957,0.565,4.86E-60,CST7,18,TRDV1_¦Ã¦Ä
864,1.81E-65,0.836399816,0.964,0.637,4.63E-61,NKG7,18,TRDV1_¦Ã¦Ä
865,6.60E-74,0.806834311,0.34,0.059,1.69E-69,IKZF2,18,TRDV1_¦Ã¦Ä
866,1.05E-78,0.80064539,0.292,0.042,2.69E-74,TRGV3,18,TRDV1_¦Ã¦Ä
867,3.39E-75,0.745263489,0.261,0.035,8.67E-71,FCRL3,18,TRDV1_¦Ã¦Ä
868,1.36E-60,0.741422283,0.395,0.089,3.47E-56,NCR3,18,TRDV1_¦Ã¦Ä
869,8.73E-56,0.74012312,0.443,0.112,2.23E-51,HLA-DQA1,18,TRDV1_¦Ã¦Ä
870,3.45E-44,0.715763158,0.688,0.288,8.82E-40,HLA-DRB1,18,TRDV1_¦Ã¦Ä
871,4.44E-55,0.706442955,0.387,0.09,1.13E-50,PLEK,18,TRDV1_¦Ã¦Ä
872,3.10E-82,0.704935053,0.308,0.044,7.91E-78,S1PR5,18,TRDV1_¦Ã¦Ä
873,5.81E-33,0.698559963,0.352,0.113,1.49E-28,PLAC8,18,TRDV1_¦Ã¦Ä
874,8.83E-26,0.675857447,0.336,0.117,2.26E-21,CCL3,18,TRDV1_¦Ã¦Ä
875,2.96E-47,0.651780664,0.988,0.858,7.56E-43,IFITM1,18,TRDV1_¦Ã¦Ä
876,4.13E-37,0.650968474,0.905,0.641,1.05E-32,CD74,18,TRDV1_¦Ã¦Ä
877,2.31E-44,0.646936832,0.968,0.743,5.91E-40,IFITM2,18,TRDV1_¦Ã¦Ä
878,1.14E-31,0.644810948,0.502,0.201,2.92E-27,AOAH,18,TRDV1_¦Ã¦Ä
879,2.57E-26,0.642424561,0.735,0.448,6.57E-22,PIK3R1,18,TRDV1_¦Ã¦Ä
880,7.67E-39,0.641844893,0.905,0.572,1.96E-34,CTSW,18,TRDV1_¦Ã¦Ä
881,1.70E-47,0.641398007,0.332,0.076,4.34E-43,EOMES,18,TRDV1_¦Ã¦Ä
882,7.77E-31,0.625681813,0.411,0.147,1.98E-26,TIGIT,18,TRDV1_¦Ã¦Ä
883,8.06E-18,0.625439862,0.324,0.137,2.06E-13,CRTAM,18,TRDV1_¦Ã¦Ä
884,5.11E-39,0.624929742,0.443,0.141,1.30E-34,HLA-DRB5,18,TRDV1_¦Ã¦Ä
885,1.17E-25,0.623952942,0.474,0.208,2.99E-21,IL2RB,18,TRDV1_¦Ã¦Ä
886,2.69E-33,0.621188121,0.462,0.168,6.88E-29,PYHIN1,18,TRDV1_¦Ã¦Ä
887,1.96E-61,0.620257177,0.166,0.018,5.00E-57,KIR3DL2,18,TRDV1_¦Ã¦Ä
888,5.28E-25,0.61729195,0.534,0.246,1.35E-20,GIMAP4,18,TRDV1_¦Ã¦Ä
889,1.73E-22,0.615852553,0.462,0.215,4.42E-18,STAT1,18,TRDV1_¦Ã¦Ä
890,1.41E-85,0.611185705,0.209,0.02,3.61E-81,LAT2,18,TRDV1_¦Ã¦Ä
891,5.02E-16,0.607187145,0.265,0.107,1.28E-11,BCL2A1,18,TRDV1_¦Ã¦Ä
892,1.86E-35,0.600754805,0.324,0.091,4.76E-31,CD160,18,TRDV1_¦Ã¦Ä
893,2.23E-23,0.591842248,0.565,0.275,5.69E-19,XCL1,18,TRDV1_¦Ã¦Ä
894,1.31E-28,0.587638279,0.423,0.16,3.35E-24,TRGC2,18,TRDV1_¦Ã¦Ä
895,1.29E-29,0.575357037,0.462,0.184,3.30E-25,DENND2D,18,TRDV1_¦Ã¦Ä
896,2.04E-18,0.572635761,0.822,0.69,5.21E-14,DUSP2,18,TRDV1_¦Ã¦Ä
897,4.26E-25,0.568394045,0.597,0.285,1.09E-20,XCL2,18,TRDV1_¦Ã¦Ä
898,6.66E-22,0.566427974,0.609,0.325,1.70E-17,PRF1,18,TRDV1_¦Ã¦Ä
899,9.60E-28,0.547680395,0.348,0.116,2.45E-23,HLA-DQB1,18,TRDV1_¦Ã¦Ä
900,3.84E-27,0.538279759,0.621,0.297,9.82E-23,ITGB2,18,TRDV1_¦Ã¦Ä
901,4.00E-46,1.291790763,0.22,0.038,1.02E-41,TRBV7-9,19,TRBV7-9_IEL
902,8.00E-52,1.165500339,0.127,0.012,2.04E-47,TRBV14,19,TRBV7-9_IEL
903,7.08E-46,1.152824575,0.167,0.023,1.81E-41,TRAV12-3,19,TRBV7-9_IEL
904,5.84E-90,1.009429501,0.588,0.137,1.49E-85,TMI¦Ã¦Ä2,19,TRBV7-9_IEL
905,1.05E-60,0.922268364,0.522,0.15,2.69E-56,BATF,19,TRBV7-9_IEL
906,4.79E-74,0.905857655,0.735,0.232,1.22E-69,CAPG,19,TRBV7-9_IEL
907,3.74E-29,0.892575734,0.159,0.031,9.55E-25,TRBV19,19,TRBV7-9_IEL
908,2.22E-52,0.891727756,0.776,0.353,5.66E-48,NR3C1,19,TRBV7-9_IEL
909,8.64E-58,0.836183686,0.759,0.296,2.21E-53,ANKRD28,19,TRBV7-9_IEL
910,2.24E-49,0.781663507,0.898,0.574,5.73E-45,COTL1,19,TRBV7-9_IEL
911,4.74E-46,0.774543407,0.608,0.223,1.21E-41,ITGAE,19,TRBV7-9_IEL
912,1.84E-49,0.748607144,0.918,0.553,4.69E-45,ALOX5AP,19,TRBV7-9_IEL
913,9.76E-50,0.736141352,0.335,0.075,2.49E-45,TIFA,19,TRBV7-9_IEL
914,1.92E-45,0.727965311,0.673,0.263,4.90E-41,ZEB2,19,TRBV7-9_IEL
915,1.64E-101,0.698210325,0.229,0.019,4.18E-97,CHN1,19,TRBV7-9_IEL
916,3.43E-34,0.698184664,0.702,0.345,8.75E-30,CCNH,19,TRBV7-9_IEL
917,5.37E-39,0.676479693,0.347,0.094,1.37E-34,JMY,19,TRBV7-9_IEL
918,5.25E-61,0.674390971,0.245,0.036,1.34E-56,LAYN,19,TRBV7-9_IEL
919,2.63E-27,0.666673435,0.38,0.136,6.72E-23,CRTAM,19,TRBV7-9_IEL
920,4.07E-24,0.66243808,0.592,0.298,1.04E-19,AIM1,19,TRBV7-9_IEL
921,1.01E-14,0.658354558,0.102,0.024,2.58E-10,TRAV16,19,TRBV7-9_IEL
922,9.44E-32,0.654649632,0.314,0.091,2.41E-27,KIR2DL4,19,TRBV7-9_IEL
923,2.15E-42,0.650825728,0.302,0.07,5.49E-38,CTLA4,19,TRBV7-9_IEL
924,8.15E-31,0.646212679,0.461,0.177,2.08E-26,FKBP5,19,TRBV7-9_IEL
925,2.02E-38,0.640332694,0.555,0.203,5.16E-34,LDLRAD4,19,TRBV7-9_IEL
926,4.00E-31,0.624580653,0.576,0.245,1.02E-26,RNF19A,19,TRBV7-9_IEL
927,9.20E-28,0.60391232,0.596,0.276,2.35E-23,MGAT4A,19,TRBV7-9_IEL
928,2.58E-25,0.603280755,0.335,0.116,6.58E-21,CXCR6,19,TRBV7-9_IEL
929,6.55E-34,0.602034602,0.343,0.1,1.67E-29,JCHAIN,19,TRBV7-9_IEL
930,4.34E-37,0.596073287,0.335,0.091,1.11E-32,CD160,19,TRBV7-9_IEL
931,6.98E-28,0.59304586,0.543,0.24,1.78E-23,PDE4D,19,TRBV7-9_IEL
932,5.36E-45,0.580100283,0.216,0.037,1.37E-40,CCR6,19,TRBV7-9_IEL
933,1.32E-25,0.576861528,0.665,0.35,3.37E-21,OSTF1,19,TRBV7-9_IEL
934,4.81E-25,0.566546454,0.571,0.275,1.23E-20,AC092580.4,19,TRBV7-9_IEL
935,2.17E-24,0.557338741,0.535,0.241,5.55E-20,GPR171,19,TRBV7-9_IEL
936,7.58E-93,0.550854705,0.159,0.01,1.94E-88,TNS3,19,TRBV7-9_IEL
937,4.40E-25,0.550723078,0.441,0.177,1.12E-20,TRAT1,19,TRBV7-9_IEL
938,2.62E-32,0.54790114,0.824,0.43,6.69E-28,RGS1,19,TRBV7-9_IEL
939,2.81E-28,0.546810155,0.282,0.082,7.18E-24,NDFIP2,19,TRBV7-9_IEL
940,8.63E-31,0.54369877,0.865,0.586,2.21E-26,LSP1,19,TRBV7-9_IEL
941,5.98E-23,0.527647213,0.837,0.557,1.53E-18,ARPC1B,19,TRBV7-9_IEL
942,1.28E-26,0.525539182,0.437,0.166,3.28E-22,PFKFB3,19,TRBV7-9_IEL
943,4.24E-23,0.520688197,0.331,0.119,1.08E-18,LIMS1,19,TRBV7-9_IEL
944,8.82E-29,0.519363763,0.2,0.045,2.25E-24,TNFRSF9,19,TRBV7-9_IEL
945,6.42E-18,0.517931243,0.547,0.291,1.64E-13,ITK,19,TRBV7-9_IEL
946,6.29E-36,0.515750138,0.273,0.065,1.61E-31,ENTPD1,19,TRBV7-9_IEL
947,1.04E-20,0.509666031,0.629,0.347,2.66E-16,WDR1,19,TRBV7-9_IEL
948,3.78E-48,0.507588516,0.2,0.03,9.66E-44,TOX2,19,TRBV7-9_IEL
949,1.31E-29,0.505081457,0.939,0.717,3.36E-25,CD7,19,TRBV7-9_IEL
950,9.43E-21,0.50247038,0.592,0.309,2.41E-16,RORA,19,TRBV7-9_IEL
951,0.00E+00,2.785666898,0.687,0.043,0.00E+00,GNLY,20,GNLY_TEFF
952,0.00E+00,1.779720777,0.683,0.025,0.00E+00,FGFBP2,20,GNLY_TEFF
953,2.11E-138,1.405511009,0.893,0.249,5.39E-134,GZMH,20,GNLY_TEFF
954,4.32E-119,1.356013197,0.996,0.636,1.10E-114,NKG7,20,GNLY_TEFF
955,0.00E+00,1.339270425,0.535,0.011,0.00E+00,CX3CR1,20,GNLY_TEFF
956,7.24E-109,1.317832172,0.877,0.32,1.85E-104,PRF1,20,GNLY_TEFF
957,2.91E-127,1.29702263,0.918,0.279,7.43E-123,GZMB,20,GNLY_TEFF
958,1.91E-118,1.236637701,0.646,0.138,4.88E-114,ITGB1,20,GNLY_TEFF
959,1.66E-200,1.225842784,0.481,0.045,4.25E-196,FCGR3A,20,GNLY_TEFF
960,2.40E-137,1.053231278,0.564,0.087,6.14E-133,PLEK,20,GNLY_TEFF
961,2.87E-70,1.022442039,0.243,0.032,7.33E-66,TYROBP,20,GNLY_TEFF
962,7.29E-114,0.986871813,0.296,0.029,1.86E-109,KLRF1,20,GNLY_TEFF
963,3.95E-105,0.974379803,0.568,0.109,1.01E-100,PLAC8,20,GNLY_TEFF
964,1.66E-81,0.910169789,0.523,0.113,4.23E-77,SAMD3,20,GNLY_TEFF
965,1.91E-53,0.886793027,0.819,0.396,4.88E-49,KLRD1,20,GNLY_TEFF
966,2.81E-146,0.876987433,0.403,0.042,7.18E-142,S1PR5,20,GNLY_TEFF
967,2.99E-68,0.871601829,0.543,0.143,7.65E-64,EFHD2,20,GNLY_TEFF
968,1.39E-70,0.853933468,0.523,0.129,3.56E-66,SYNE1,20,GNLY_TEFF
969,5.91E-53,0.846553267,0.395,0.097,1.51E-48,SPON2,20,GNLY_TEFF
970,4.05E-298,0.837742954,0.276,0.008,1.03E-293,PRSS23,20,GNLY_TEFF
971,1.66E-57,0.832525314,0.745,0.295,4.25E-53,ITGB2,20,GNLY_TEFF
972,3.91E-61,0.824427139,0.955,0.565,9.98E-57,CST7,20,GNLY_TEFF
973,3.38E-56,0.816102689,0.708,0.262,8.65E-52,GIMAP7,20,GNLY_TEFF
974,3.41E-52,0.802617506,0.658,0.244,8.72E-48,GIMAP4,20,GNLY_TEFF
975,4.41E-69,0.793906461,0.831,0.291,1.13E-64,KLF2,20,GNLY_TEFF
976,7.91E-98,0.758819306,0.358,0.048,2.02E-93,CD300A,20,GNLY_TEFF
977,3.24E-38,0.757211806,0.691,0.315,8.28E-34,AHNAK,20,GNLY_TEFF
978,7.77E-107,0.756970323,0.321,0.036,1.99E-102,ADGRG1,20,GNLY_TEFF
979,2.21E-79,0.756629462,0.362,0.06,5.65E-75,S1PR1,20,GNLY_TEFF
980,1.65E-113,0.746335507,0.309,0.032,4.21E-109,C1orf21,20,GNLY_TEFF
981,3.72E-40,0.745731064,0.683,0.317,9.50E-36,FLNA,20,GNLY_TEFF
982,4.06E-54,0.745702437,0.626,0.203,1.04E-49,KLRG1,20,GNLY_TEFF
983,5.25E-31,0.743738513,0.761,0.441,1.34E-26,LGALS1,20,GNLY_TEFF
984,4.70E-61,0.742267528,0.477,0.117,1.20E-56,TBX21,20,GNLY_TEFF
985,2.24E-50,0.738853191,0.49,0.142,5.72E-46,FAM65B,20,GNLY_TEFF
986,9.83E-48,0.716740573,0.909,0.572,2.51E-43,CTSW,20,GNLY_TEFF
987,2.52E-47,0.702709868,0.65,0.236,6.45E-43,C12orf75,20,GNLY_TEFF
988,4.25E-84,0.701423212,0.379,0.061,1.09E-79,PXN,20,GNLY_TEFF
989,4.54E-48,0.699612005,0.646,0.229,1.16E-43,LINC00861,20,GNLY_TEFF
990,1.97E-41,0.693146428,0.449,0.14,5.04E-37,TRG-AS1,20,GNLY_TEFF
991,1.43E-47,0.68826682,0.979,0.743,3.66E-43,IFITM2,20,GNLY_TEFF
992,8.32E-34,0.687628354,0.486,0.179,2.13E-29,APOBEC3G,20,GNLY_TEFF
993,2.14E-46,0.68393138,0.996,0.807,5.47E-42,S100A4,20,GNLY_TEFF
994,7.16E-40,0.674191048,0.77,0.373,1.83E-35,PSMB9,20,GNLY_TEFF
995,3.54E-33,0.669849805,0.831,0.491,9.04E-29,EMP3,20,GNLY_TEFF
996,2.97E-66,0.65951708,0.267,0.039,7.58E-62,TTC38,20,GNLY_TEFF
997,1.90E-43,0.656978858,0.971,0.72,4.85E-39,S100A6,20,GNLY_TEFF
998,2.40E-36,0.655171294,0.593,0.241,6.13E-32,SYNE2,20,GNLY_TEFF
999,1.18E-32,0.64978995,0.461,0.168,3.01E-28,PYHIN1,20,GNLY_TEFF
1000,2.13E-97,0.646984385,0.272,0.028,5.45E-93,GK5,20,GNLY_TEFF
1001,0.00E+00,2.324160094,0.783,0.055,0.00E+00,TRBV4-2,21,TRBV4-2_TEFF
1002,1.01E-225,1.518949759,0.606,0.055,2.58E-221,TRAV29DV5,21,TRBV4-2_TEFF
1003,5.82E-90,1.310659687,0.901,0.345,1.49E-85,TRBC1,21,TRBV4-2_TEFF
1004,3.17E-82,1.13177228,0.985,0.566,8.10E-78,CST7,21,TRBV4-2_TEFF
1005,4.52E-65,1.102860483,0.552,0.139,1.16E-60,CMC1,21,TRBV4-2_TEFF
1006,1.12E-58,1.096996683,0.709,0.254,2.86E-54,GZMH,21,TRBV4-2_TEFF
1007,4.76E-79,1.085769952,0.985,0.638,1.22E-74,NKG7,21,TRBV4-2_TEFF
1008,2.37E-18,1.055631549,0.502,0.241,6.06E-14,CCL4L2,21,TRBV4-2_TEFF
1009,5.57E-113,1.023506418,0.404,0.047,1.42E-108,FCGR3A,21,TRBV4-2_TEFF
1010,6.76E-70,0.948424738,0.187,0.016,1.73E-65,IL10,21,TRBV4-2_TEFF
1011,4.03E-40,0.936571629,0.68,0.29,1.03E-35,HLA-DRB1,21,TRBV4-2_TEFF
1012,5.23E-38,0.916090198,0.862,0.554,1.34E-33,NR4A2,21,TRBV4-2_TEFF
1013,5.77E-37,0.909588459,0.7,0.326,1.48E-32,ZNF331,21,TRBV4-2_TEFF
1014,9.98E-69,0.894505774,0.527,0.116,2.55E-64,TRGV8,21,TRBV4-2_TEFF
1015,2.20E-75,0.888696342,0.32,0.044,5.63E-71,S1PR5,21,TRBV4-2_TEFF
1016,2.04E-45,0.857689334,0.936,0.689,5.22E-41,DUSP2,21,TRBV4-2_TEFF
1017,1.11E-32,0.854081917,0.768,0.43,2.84E-28,IRF1,21,TRBV4-2_TEFF
1018,3.78E-37,0.838726128,0.635,0.273,9.65E-33,HLA-DPB1,21,TRBV4-2_TEFF
1019,7.27E-37,0.831684861,0.325,0.082,1.86E-32,MCOLN2,21,TRBV4-2_TEFF
1020,1.50E-37,0.831527604,0.404,0.114,3.84E-33,HLA-DQA1,21,TRBV4-2_TEFF
1021,1.57E-36,0.830488042,0.448,0.141,4.00E-32,HLA-DRA,21,TRBV4-2_TEFF
1022,4.41E-41,0.82271934,0.813,0.397,1.13E-36,KLRD1,21,TRBV4-2_TEFF
1023,3.74E-39,0.800576469,0.931,0.642,9.56E-35,CD74,21,TRBV4-2_TEFF
1024,4.32E-35,0.800498189,0.355,0.099,1.10E-30,SPON2,21,TRBV4-2_TEFF
1025,6.62E-30,0.799184409,0.517,0.215,1.69E-25,STAT1,21,TRBV4-2_TEFF
1026,2.40E-27,0.797364804,0.749,0.453,6.12E-23,CREM,21,TRBV4-2_TEFF
1027,1.96E-31,0.780367634,0.33,0.092,5.01E-27,PLEK,21,TRBV4-2_TEFF
1028,4.64E-40,0.746226803,0.35,0.084,1.19E-35,DTHD1,21,TRBV4-2_TEFF
1029,1.57E-30,0.74614214,0.305,0.081,4.01E-26,TNFSF9,21,TRBV4-2_TEFF
1030,5.92E-31,0.742334606,0.606,0.265,1.51E-26,ZEB2,21,TRBV4-2_TEFF
1031,5.68E-29,0.739946722,0.961,0.679,1.45E-24,CCL4,21,TRBV4-2_TEFF
1032,7.82E-45,0.724247415,0.222,0.034,2.00E-40,VCAM1,21,TRBV4-2_TEFF
1033,1.32E-28,0.712808109,0.759,0.449,3.38E-24,PIK3R1,21,TRBV4-2_TEFF
1034,1.25E-28,0.711305309,0.335,0.1,3.20E-24,F2R,21,TRBV4-2_TEFF
1035,8.70E-21,0.696917787,0.443,0.194,2.22E-16,SLA,21,TRBV4-2_TEFF
1036,4.59E-27,0.694103651,0.498,0.202,1.17E-22,AOAH,21,TRBV4-2_TEFF
1037,3.71E-29,0.67760017,0.419,0.143,9.48E-25,HLA-DRB5,21,TRBV4-2_TEFF
1038,4.17E-20,0.677135665,0.404,0.168,1.06E-15,NR4A3,21,TRBV4-2_TEFF
1039,3.28E-22,0.674874778,0.606,0.311,8.37E-18,SH2D2A,21,TRBV4-2_TEFF
1040,4.73E-24,0.670021824,0.562,0.266,1.21E-19,HLA-DPA1,21,TRBV4-2_TEFF
1041,1.12E-18,0.658881463,0.276,0.095,2.85E-14,YBX3,21,TRBV4-2_TEFF
1042,9.32E-21,0.654133945,0.542,0.28,2.38E-16,CTSC,21,TRBV4-2_TEFF
1043,2.34E-21,0.653055297,0.414,0.168,5.98E-17,ISG15,21,TRBV4-2_TEFF
1044,1.17E-18,0.642487325,0.424,0.194,2.99E-14,ZBTB38,21,TRBV4-2_TEFF
1045,4.64E-19,0.639167584,0.36,0.147,1.18E-14,C5orf56,21,TRBV4-2_TEFF
1046,1.14E-21,0.624724357,0.764,0.501,2.91E-17,GZMM,21,TRBV4-2_TEFF
1047,1.35E-27,0.617965867,0.892,0.649,3.45E-23,SUB1,21,TRBV4-2_TEFF
1048,2.84E-36,0.616535308,0.266,0.056,7.25E-32,FCRL6,21,TRBV4-2_TEFF
1049,1.69E-18,0.609684439,0.473,0.228,4.31E-14,MAP3K8,21,TRBV4-2_TEFF
1050,4.48E-28,0.600701917,0.906,0.623,1.14E-23,CD8A,21,TRBV4-2_TEFF
1051,2.79E-114,2.363085714,1,0.305,7.13E-110,STMN1,22,STMN1_High_pro_TRM
1052,3.94E-89,2.092633842,0.968,0.359,1.01E-84,TUBB,22,STMN1_High_pro_TRM
1053,0.00E+00,2.027672401,0.817,0.007,0.00E+00,TYMS,22,STMN1_High_pro_TRM
1054,1.93E-106,1.948133237,0.96,0.244,4.92E-102,HMGB2,22,STMN1_High_pro_TRM
1055,3.09E-49,1.900137071,0.746,0.245,7.90E-45,HIST1H4C,22,STMN1_High_pro_TRM
1056,0.00E+00,1.765868744,0.738,0.005,0.00E+00,MKI67,22,STMN1_High_pro_TRM
1057,0.00E+00,1.729929289,0.667,0.002,0.00E+00,RRM2,22,STMN1_High_pro_TRM
1058,2.54E-63,1.696266102,0.992,0.527,6.50E-59,TUBA1B,22,STMN1_High_pro_TRM
1059,1.42E-66,1.67638767,0.96,0.534,3.63E-62,HMGN2,22,STMN1_High_pro_TRM
1060,0.00E+00,1.644130641,0.786,0.007,0.00E+00,KIAA0101,22,STMN1_High_pro_TRM
1061,7.45E-102,1.643719787,0.921,0.225,1.90E-97,DUT,22,STMN1_High_pro_TRM
1062,0.00E+00,1.575638738,0.619,0.007,0.00E+00,TOP2A,22,STMN1_High_pro_TRM
1063,0.00E+00,1.500131954,0.683,0.016,0.00E+00,NUSAP1,22,STMN1_High_pro_TRM
1064,5.33E-162,1.447182834,0.786,0.086,1.36E-157,PCNA,22,STMN1_High_pro_TRM
1065,0.00E+00,1.440237486,0.524,0.003,0.00E+00,UBE2C,22,STMN1_High_pro_TRM
1066,1.95E-272,1.404756953,0.817,0.054,4.99E-268,MCM7,22,STMN1_High_pro_TRM
1067,5.62E-58,1.221058248,1,0.746,1.44E-53,HMGB1,22,STMN1_High_pro_TRM
1068,0.00E+00,1.213408696,0.492,0.009,0.00E+00,CENPF,22,STMN1_High_pro_TRM
1069,0.00E+00,1.212814871,0.651,0.02,0.00E+00,DHFR,22,STMN1_High_pro_TRM
1070,0.00E+00,1.203961309,0.603,0.005,0.00E+00,UHRF1,22,STMN1_High_pro_TRM
1071,2.14E-71,1.203782407,0.937,0.296,5.46E-67,DEK,22,STMN1_High_pro_TRM
1072,5.77E-170,1.195889747,0.69,0.061,1.48E-165,SMC4,22,STMN1_High_pro_TRM
1073,1.26E-214,1.174281577,0.627,0.04,3.21E-210,CKS1B,22,STMN1_High_pro_TRM
1074,0.00E+00,1.1626106,0.603,0.007,0.00E+00,CDK1,22,STMN1_High_pro_TRM
1075,5.09E-241,1.158161779,0.659,0.039,1.30E-236,ATAD2,22,STMN1_High_pro_TRM
1076,1.47E-59,1.157744773,0.881,0.29,3.77E-55,H2AFV,22,STMN1_High_pro_TRM
1077,0.00E+00,1.129087205,0.508,0.005,0.00E+00,TPX2,22,STMN1_High_pro_TRM
1078,0.00E+00,1.115661165,0.5,0.001,0.00E+00,BIRC5,22,STMN1_High_pro_TRM
1079,0.00E+00,1.110668847,0.595,0.007,0,CENPU,22,STMN1_High_pro_TRM
1080,0.00E+00,1.095228119,0.579,0.005,0.00E+00,TK1,22,STMN1_High_pro_TRM
1081,3.91E-99,1.090301546,0.754,0.118,9.98E-95,TMPO,22,STMN1_High_pro_TRM
1082,0.00E+00,1.065789515,0.476,0.003,0.00E+00,ASPM,22,STMN1_High_pro_TRM
1083,1.44E-260,1.057078167,0.587,0.028,3.67E-256,CENPM,22,STMN1_High_pro_TRM
1084,2.64E-291,1.054027637,0.667,0.032,6.74E-287,MAD2L1,22,STMN1_High_pro_TRM
1085,1.95E-16,1.024636192,0.135,0.023,4.99E-12,TRBV3-1,22,STMN1_High_pro_TRM
1086,0.00E+00,1.002788133,0.46,0.001,0,PKMYT1,22,STMN1_High_pro_TRM
1087,3.31E-153,1.001203203,0.587,0.048,8.46E-149,TMEM106C,22,STMN1_High_pro_TRM
1088,1.32E-95,0.991448265,0.738,0.116,3.37E-91,USP1,22,STMN1_High_pro_TRM
1089,0.00E+00,0.983512423,0.532,0.009,0.00E+00,CLSPN,22,STMN1_High_pro_TRM
1090,2.57E-51,0.98338526,0.889,0.309,6.57E-47,ANP32B,22,STMN1_High_pro_TRM
1091,1.95E-53,0.981669227,0.762,0.207,4.98E-49,RANBP1,22,STMN1_High_pro_TRM
1092,2.79E-181,0.968651346,0.587,0.041,7.13E-177,MCM5,22,STMN1_High_pro_TRM
1093,0.00E+00,0.967852705,0.508,0.004,0,ZWINT,22,STMN1_High_pro_TRM
1094,2.35E-153,0.963190555,0.651,0.058,6.00E-149,LMNB1,22,STMN1_High_pro_TRM
1095,0.00E+00,0.955654562,0.452,0.002,0.00E+00,CCNA2,22,STMN1_High_pro_TRM
1096,4.93E-70,0.955438888,0.786,0.167,1.26E-65,H2AFY,22,STMN1_High_pro_TRM
1097,0.00E+00,0.950417517,0.524,0.015,0.00E+00,HELLS,22,STMN1_High_pro_TRM
1098,0.00E+00,0.94192579,0.492,0.007,0,CDT1,22,STMN1_High_pro_TRM
1099,0.00E+00,0.936476481,0.571,0.012,0.00E+00,UBE2T,22,STMN1_High_pro_TRM
1100,2.99E-132,0.918191601,0.603,0.058,7.64E-128,MCM3,22,STMN1_High_pro_TRM
1101,6.31E-33,1.911216873,0.86,0.454,1.61E-28,NEAT1,23,NEAT1_TRM
1102,5.35E-32,1.503659958,0.605,0.179,1.37E-27,INTS6,23,NEAT1_TRM
1103,5.41E-35,1.501610997,0.535,0.13,1.38E-30,NABP1,23,NEAT1_TRM
1104,3.24E-31,1.461176563,0.5,0.122,8.28E-27,NEU1,23,NEAT1_TRM
1105,1.37E-20,1.460826499,0.558,0.221,3.50E-16,NR4A1,23,NEAT1_TRM
1106,2.29E-28,1.390047596,0.791,0.33,5.85E-24,HSPA1A,23,NEAT1_TRM
1107,5.37E-16,1.365639937,0.477,0.177,1.37E-11,TNF,23,NEAT1_TRM
1108,2.34E-31,1.359272021,0.36,0.064,5.97E-27,SLC5A3,23,NEAT1_TRM
1109,2.41E-34,1.330706377,0.337,0.052,6.17E-30,KCNQ1OT1,23,NEAT1_TRM
1110,1.33E-21,1.280206107,0.64,0.28,3.39E-17,PPP1R10,23,NEAT1_TRM
1111,1.03E-22,1.268027404,0.756,0.416,2.63E-18,SLC38A2,23,NEAT1_TRM
1112,3.03E-29,1.250516699,0.605,0.182,7.75E-25,EGR1,23,NEAT1_TRM
1113,4.47E-20,1.221435562,0.593,0.245,1.14E-15,HSPH1,23,NEAT1_TRM
1114,1.42E-18,1.220633855,0.512,0.196,3.62E-14,IFRD1,23,NEAT1_TRM
1115,1.09E-19,1.185973088,0.477,0.162,2.78E-15,SLC20A1,23,NEAT1_TRM
1116,2.03E-16,1.15400566,0.372,0.114,5.20E-12,CHORDC1,23,NEAT1_TRM
1117,2.11E-20,1.13121344,0.709,0.31,5.38E-16,HSPA1B,23,NEAT1_TRM
1118,3.46E-27,1.106535059,0.953,0.808,8.84E-23,MT-ND2,23,NEAT1_TRM
1119,1.54E-01,1.096009019,0.314,0.281,1,XCL1,23,NEAT1_TRM
1120,6.12E-13,1.066436333,0.628,0.384,1.56E-08,BTG2,23,NEAT1_TRM
1121,2.10E-18,1.056915856,0.814,0.628,5.36E-14,LCP1,23,NEAT1_TRM
1122,1.86E-15,1.052436119,0.419,0.15,4.74E-11,NUFIP2,23,NEAT1_TRM
1123,1.63E-01,1.05082509,0.326,0.291,1,XCL2,23,NEAT1_TRM
1124,2.25E-13,1.044544708,0.395,0.147,5.75E-09,CTD-3252C9.4,23,NEAT1_TRM
1125,4.82E-17,1.042542926,0.767,0.452,1.23E-12,FOSB,23,NEAT1_TRM
1126,4.90E-14,1.039339721,0.512,0.241,1.25E-09,MACF1,23,NEAT1_TRM
1127,1.78E-15,1.038824757,0.465,0.178,4.54E-11,HEXIM1,23,NEAT1_TRM
1128,3.31E-14,1.018321933,0.616,0.346,8.45E-10,RNF213,23,NEAT1_TRM
1129,8.10E-22,1.016227294,0.919,0.77,2.07E-17,HNRNPA2B1,23,NEAT1_TRM
1130,3.03E-13,1.012282629,0.628,0.388,7.74E-09,RUNX3,23,NEAT1_TRM
1131,2.38E-11,1.008043903,0.453,0.22,6.08E-07,GPRIN3,23,NEAT1_TRM
1132,3.85E-12,1.000798234,0.291,0.091,9.85E-08,LINC01089,23,NEAT1_TRM
1133,9.49E-12,0.981485452,0.314,0.105,2.42E-07,HECA,23,NEAT1_TRM
1134,5.30E-47,0.973850011,1,1,1.35E-42,MALAT1,23,NEAT1_TRM
1135,2.35E-08,0.968827873,0.337,0.149,0.000600463,BHLHE40,23,NEAT1_TRM
1136,1.63E-29,0.964189985,0.977,0.987,4.17E-25,MT-ATP6,23,NEAT1_TRM
1137,2.74E-08,0.964077045,0.581,0.408,0.000699833,SQSTM1,23,NEAT1_TRM
1138,2.54E-33,0.958245287,0.198,0.019,6.50E-29,HIST2H2BF,23,NEAT1_TRM
1139,1.40E-24,0.954595243,0.942,0.885,3.57E-20,PTPRC,23,NEAT1_TRM
1140,5.01E-20,0.942811319,0.942,0.899,1.28E-15,MT-ND4,23,NEAT1_TRM
1141,1.12E-14,0.936874431,0.547,0.262,2.86E-10,CCND2,23,NEAT1_TRM
1142,3.73E-34,0.93219427,0.977,0.985,9.54E-30,MT-ND3,23,NEAT1_TRM
1143,5.40E-09,0.930386867,0.488,0.287,0.00013797,ATF7IP,23,NEAT1_TRM
1144,2.74E-10,0.929658544,0.198,0.052,7.01E-06,RRBP1,23,NEAT1_TRM
1145,1.76E-13,0.921890071,0.523,0.265,4.51E-09,LNPEP,23,NEAT1_TRM
1146,1.35E-06,0.920020952,0.372,0.212,3.44E-02,VPS13C,23,NEAT1_TRM
1147,9.01E-17,0.919086615,0.198,0.035,2.30E-12,HNRNPU-AS1,23,NEAT1_TRM
1148,2.53E-11,0.917446738,0.686,0.44,6.46E-07,GADD45B,23,NEAT1_TRM
1149,6.89E-11,0.908800154,0.686,0.498,1.76E-06,RSRP1,23,NEAT1_TRM
1150,1.72E-13,0.907613107,0.302,0.09,4.41E-09,HIST1H2AC,23,NEAT1_TRM
